post_id,user_id,user_name_x,caption,image_url,timestamp,interaction,hashtags,location_x,post_type,user_name_y,follower_count,following_count,location_y,age_group,gender,activity_level
7986,7007,peggyrodriguez,It makes me sad,https://dummyimage.com/869x566,2024-04-16 20:05:14,1,#depression #stress #trauma,West Alan,video,peggyrodriguez,1061,2942,West Alan,25-34,female,high
4689,9537,younghenry,Throwback to summer,https://dummyimage.com/668x857,2024-08-13 07:08:31,1,#summer #memories #throwback,South Angela,image,younghenry,4127,4184,South Angela,25-34,female,high
2618,1783,crawfordrobert,Healthy living,https://picsum.photos/906/852,2024-01-15 12:59:22,0,#healthyliving #fitness #wellness,East James,image,crawfordrobert,2146,4347,East James,45-54,male,high
1726,8661,adamsjavier,Healthy living,https://dummyimage.com/51x700,2024-02-27 01:09:01,0,#healthyliving #fitness #wellness,Callahanshire,image,adamsjavier,1286,1397,Callahanshire,18-24,female,low
6017,7395,catherine83,Healthy breakfast,https://picsum.photos/418/35,2024-05-05 10:14:24,1,#breakfast #healthy #food,Gilbertside,video,catherine83,8427,3430,Gilbertside,45-54,male,low
7869,1509,tararodriguez,Love this beach,https://placekitten.com/390/651,2024-04-13 05:14:40,1,#beach #ocean #sun,Gregoryborough,image,tararodriguez,4573,4450,Gregoryborough,25-34,male,medium
7044,1509,tararodriguez,Healthy living,https://dummyimage.com/487x867,2024-10-04 07:45:04,1,#healthyliving #fitness #wellness,Gregoryborough,video,tararodriguez,4573,4450,Gregoryborough,25-34,male,medium
6123,8771,chodges,Coffee time,https://placekitten.com/920/341,2024-05-18 18:30:19,1,#coffee #morning #caffeine,East Amy,video,chodges,1473,2319,East Amy,35-44,female,medium
1676,1783,crawfordrobert,A sad day for us all,https://dummyimage.com/485x670,2024-01-08 08:28:13,0,#sad #day #all,East James,video,crawfordrobert,2146,4347,East James,45-54,male,high
9716,6275,jennifer29,Healthy breakfast,https://dummyimage.com/222x248,2024-09-26 18:08:54,1,#breakfast #healthy #food,Brooksborough,image,jennifer29,6838,4609,Brooksborough,25-34,female,high
5481,6971,gcabrera,Family time,https://picsum.photos/67/684,2024-05-09 00:03:17,1,#family #love #qualitytime,Sanchezton,video,gcabrera,2640,4904,Sanchezton,45-54,male,medium
4598,2052,steven23,City lights,https://dummyimage.com/338x778,2024-08-02 06:33:38,1,#city #nightlife #urban,West Tyroneshire,image,steven23,8960,2578,West Tyroneshire,18-24,male,medium
6483,9158,denise68,Dinner with friends,https://placekitten.com/230/730,2024-09-24 14:02:30,0,#dinner #friends #goodtimes,East Travis,video,denise68,4842,1523,East Travis,35-44,female,high
9481,3196,timothy89,A sad day for us all,https://placekitten.com/1004/167,2024-08-27 20:51:35,0,#sad #day #all,New Tiffanyfurt,video,timothy89,3543,3569,New Tiffanyfurt,45-54,male,medium
6399,2583,kristina17,"They looked at her with sad, anxious faces",https://placekitten.com/380/933,2024-07-10 19:19:06,1,#anxious #sad #faces,East Melissaside,video,kristina17,6028,1110,East Melissaside,25-34,female,high
16,1977,tsimmons,Road trip,https://picsum.photos/770/1017,2024-03-14 20:15:00,0,#roadtrip #adventure #travel,Port Louisshire,video,tsimmons,8388,1649,Port Louisshire,18-24,male,high
9563,2519,sbarker,Feeling blessed,https://picsum.photos/541/402,2024-04-01 19:37:17,1,#blessed #grateful #thankful,Hollandberg,image,sbarker,5533,563,Hollandberg,35-44,female,medium
3816,6744,caustin,Exploring the mountains,https://placekitten.com/692/956,2024-09-03 00:00:22,0,#mountains #hiking #nature,East Jessica,video,caustin,6111,3411,East Jessica,18-24,male,high
5115,7410,danestrada,Travel goals,https://placekitten.com/133/815,2024-03-08 10:28:30,1,#travel #adventure #explore,South Maryland,video,danestrada,2085,2206,South Maryland,18-24,female,low
4533,5438,christopher54,Exploring the mountains,https://picsum.photos/381/902,2024-07-02 08:43:36,0,#mountains #hiking #nature,East Tiffany,image,christopher54,7625,4182,East Tiffany,25-34,male,medium
8528,4636,zlewis,Enjoying the sunset,https://placekitten.com/593/751,2024-09-22 18:50:45,1,#sunset #evening #nature,Lake Nancyfort,image,zlewis,9296,4040,Lake Nancyfort,18-24,male,low
9943,6241,rsmith,Sunset views,https://placekitten.com/629/407,2024-02-01 00:20:08,0,#sunset #views #sky,Timothyton,video,rsmith,8882,4041,Timothyton,18-24,female,medium
5142,483,summersryan,I am feeling very sad,https://placekitten.com/546/98,2024-02-15 05:15:02,0,#sad #low #feel,Alicialand,video,summersryan,7046,1796,Alicialand,35-44,female,low
9559,6846,martinanna,Beach day,https://placekitten.com/262/709,2024-07-04 06:52:27,1,#beach #sun #sand,Cobbview,image,martinanna,3767,2543,Cobbview,35-44,male,low
8728,5800,tracylarson,I am feeling very sad,https://dummyimage.com/215x1016,2024-08-24 08:52:47,1,#sad #low #feel,Thomasport,video,tracylarson,3360,661,Thomasport,25-34,female,low
2489,2922,robertspeter,Road trip,https://dummyimage.com/905x685,2024-08-03 08:31:09,1,#roadtrip #adventure #travel,West Lori,video,robertspeter,6453,2853,West Lori,35-44,male,low
9740,9524,millerwilliam,Workout motivation,https://dummyimage.com/903x782,2024-02-26 02:13:20,1,#workout #fitness #motivation,South Kellyside,image,millerwilliam,555,4510,South Kellyside,45-54,male,high
3494,9460,rebecca35,Beach day,https://placekitten.com/473/771,2024-09-03 13:57:09,1,#beach #sun #sand,West Veronica,video,rebecca35,7193,2842,West Veronica,18-24,male,high
8539,2280,sierrakelly,Family time,https://placekitten.com/287/845,2024-05-02 23:57:48,0,#family #love #qualitytime,New Abigailville,image,sierrakelly,9544,4714,New Abigailville,35-44,male,high
1329,9020,kevinboyer,Road trip,https://dummyimage.com/916x115,2024-07-09 16:45:40,1,#roadtrip #adventure #travel,New Jacobbury,video,kevinboyer,8393,2313,New Jacobbury,25-34,male,high
1168,9158,denise68,Hiking adventures,https://picsum.photos/768/885,2024-08-23 22:59:16,1,#hiking #outdoors #adventure,East Travis,video,denise68,4842,1523,East Travis,35-44,female,high
9095,5618,heather99,Morning vibes,https://picsum.photos/137/967,2024-09-27 02:39:54,1,#morning #freshstart #sunrise,Lake Joshuatown,image,heather99,4128,4772,Lake Joshuatown,35-44,female,medium
9533,2669,wsmith,"They looked at her with sad, anxious faces",https://picsum.photos/158/349,2024-01-04 18:10:33,1,#anxious #sad #faces,Johnsonfort,video,wsmith,4007,4214,Johnsonfort,35-44,female,high
6704,8447,kathryn53,Exploring the mountains,https://picsum.photos/513/405,2024-02-04 11:04:17,0,#mountains #hiking #nature,Monicaborough,video,kathryn53,5614,516,Monicaborough,18-24,female,high
260,3765,feliciaguzman,Morning vibes,https://picsum.photos/1001/203,2024-01-23 14:02:00,0,#morning #freshstart #sunrise,New Judithside,video,feliciaguzman,9331,1168,New Judithside,18-24,female,low
9206,3629,palmerelizabeth,Chasing waterfalls,https://dummyimage.com/775x905,2024-10-05 07:46:13,1,#waterfalls #nature #hiking,West Timothyland,image,palmerelizabeth,9729,2969,West Timothyland,18-24,male,medium
3189,8661,adamsjavier,Family time,https://picsum.photos/364/128,2024-06-18 05:31:31,1,#family #love #qualitytime,Callahanshire,image,adamsjavier,1286,1397,Callahanshire,18-24,female,low
7403,9198,garzaamanda,Workout motivation,https://picsum.photos/503/332,2024-06-16 12:12:42,0,#workout #fitness #motivation,Millerfort,video,garzaamanda,4624,1701,Millerfort,25-34,male,high
5803,7154,sean83,It makes me sad,https://picsum.photos/666/952,2024-01-15 20:23:20,1,#depression #stress #trauma,Farrellborough,image,sean83,9262,2683,Farrellborough,45-54,female,low
6251,3196,timothy89,Chasing waterfalls,https://placekitten.com/849/581,2024-03-30 22:23:19,1,#waterfalls #nature #hiking,New Tiffanyfurt,video,timothy89,3543,3569,New Tiffanyfurt,45-54,male,medium
5945,2915,bridget49,Road trip,https://picsum.photos/442/42,2024-08-18 16:44:45,0,#roadtrip #adventure #travel,Patelview,image,bridget49,5258,4220,Patelview,35-44,female,low
5102,5808,lauraswanson,Beach day,https://picsum.photos/216/492,2024-02-25 20:25:16,1,#beach #sun #sand,Weaverport,video,lauraswanson,8065,1793,Weaverport,45-54,female,low
1886,8447,kathryn53,"Sad to say, she never lived to see it",https://placekitten.com/603/25,2024-04-06 12:24:08,1,#lived #sad,Monicaborough,image,kathryn53,5614,516,Monicaborough,18-24,female,high
6338,6664,robert48,Exploring the mountains,https://dummyimage.com/440x654,2024-09-06 11:59:25,1,#mountains #hiking #nature,Morrisonfurt,video,robert48,3348,2202,Morrisonfurt,25-34,female,low
4072,1509,tararodriguez,Travel goals,https://placekitten.com/345/149,2024-07-21 02:53:09,0,#travel #adventure #explore,Gregoryborough,video,tararodriguez,4573,4450,Gregoryborough,25-34,male,medium
210,3199,bryancarroll,Beach day,https://placekitten.com/294/830,2024-06-02 19:53:30,1,#beach #sun #sand,Anthonyberg,video,bryancarroll,112,3903,Anthonyberg,18-24,female,low
6159,2693,hschwartz,A sad day for us all,https://placekitten.com/180/967,2024-05-01 05:46:13,1,#sad #day #all,Port Jamesview,video,hschwartz,4800,4771,Port Jamesview,18-24,male,high
8641,1246,hillwilliam,Family time,https://dummyimage.com/607x855,2024-05-02 03:11:09,1,#family #love #qualitytime,North Jeffreychester,image,hillwilliam,1813,4701,North Jeffreychester,25-34,male,low
5845,4636,zlewis,Enjoying the sunset,https://picsum.photos/800/749,2024-05-12 02:15:03,0,#sunset #evening #nature,Lake Nancyfort,video,zlewis,9296,4040,Lake Nancyfort,18-24,male,low
5760,8481,shelby00,The sad fact is that he's lost his touch,https://placekitten.com/287/390,2024-04-08 01:07:18,1,#lost #touch #sad,Hendersonland,video,shelby00,3758,2073,Hendersonland,35-44,female,low
5874,5191,cody67,Sunset views,https://dummyimage.com/185x714,2024-01-08 19:26:57,0,#sunset #views #sky,Jonathanbury,video,cody67,7406,2216,Jonathanbury,45-54,female,low
1473,6847,justinjones,Weekend getaway,https://dummyimage.com/565x391,2024-05-09 15:02:58,0,#weekend #travel #getaway,North Erin,image,justinjones,5893,4876,North Erin,45-54,male,high
4773,5524,angelaroman,Enjoying the sunset,https://picsum.photos/952/593,2024-04-24 14:57:42,0,#sunset #evening #nature,East Diane,image,angelaroman,5698,3878,East Diane,35-44,female,medium
1128,1807,garciatracy,"Sad to say, she never lived to see it",https://placekitten.com/886/518,2024-02-21 12:15:12,1,#lived #sad,Sheilafort,video,garciatracy,3103,3836,Sheilafort,35-44,female,low
9792,2583,kristina17,Morning vibes,https://placekitten.com/862/656,2024-02-19 05:15:10,1,#morning #freshstart #sunrise,East Melissaside,image,kristina17,6028,1110,East Melissaside,25-34,female,high
6376,1977,tsimmons,Weekend getaway,https://placekitten.com/5/302,2024-05-29 17:36:38,0,#weekend #travel #getaway,Port Louisshire,video,tsimmons,8388,1649,Port Louisshire,18-24,male,high
3618,8816,qherman,Throwback to summer,https://placekitten.com/271/494,2024-05-01 03:20:40,0,#summer #memories #throwback,East Meredithview,image,qherman,7115,2094,East Meredithview,45-54,male,low
90,3133,garciajack,Morning vibes,https://picsum.photos/190/422,2024-09-08 07:06:34,1,#morning #freshstart #sunrise,East David,image,garciajack,5056,4402,East David,45-54,female,low
1200,8481,shelby00,Morning vibes,https://picsum.photos/302/770,2024-09-19 23:55:54,1,#morning #freshstart #sunrise,Hendersonland,image,shelby00,3758,2073,Hendersonland,35-44,female,low
3269,9460,rebecca35,The sad fact is that he's lost his touch,https://dummyimage.com/398x536,2024-01-24 23:22:49,0,#lost #touch #sad,West Veronica,video,rebecca35,7193,2842,West Veronica,18-24,male,high
391,7410,danestrada,A sad day for us all,https://dummyimage.com/45x206,2024-08-22 19:23:35,0,#sad #day #all,South Maryland,video,danestrada,2085,2206,South Maryland,18-24,female,low
7615,9857,jessica75,Feeling blessed,https://dummyimage.com/600x517,2024-09-16 18:20:31,0,#blessed #grateful #thankful,Lindsaychester,video,jessica75,3412,2299,Lindsaychester,18-24,female,medium
7380,3420,vfisher,Dinner with friends,https://dummyimage.com/588x489,2024-02-11 10:03:09,0,#dinner #friends #goodtimes,Port Kristinaborough,image,vfisher,8131,3669,Port Kristinaborough,25-34,male,medium
126,579,hoffmantina,Workout motivation,https://picsum.photos/161/324,2024-08-29 15:38:05,1,#workout #fitness #motivation,Robertschester,video,hoffmantina,3774,245,Robertschester,45-54,male,low
3321,9857,jessica75,The sad fact is that he's lost his touch,https://placekitten.com/589/844,2024-10-07 10:51:22,1,#lost #touch #sad,Lindsaychester,image,jessica75,3412,2299,Lindsaychester,18-24,female,medium
6984,2280,sierrakelly,Exploring the mountains,https://dummyimage.com/199x573,2024-06-13 02:33:59,0,#mountains #hiking #nature,New Abigailville,image,sierrakelly,9544,4714,New Abigailville,35-44,male,high
2177,6182,ufranklin,Enjoying the sunset,https://dummyimage.com/643x745,2024-09-24 10:15:26,1,#sunset #evening #nature,Martinburgh,video,ufranklin,1446,4921,Martinburgh,45-54,male,high
4515,9777,elliottdonald,Sunset views,https://placekitten.com/346/250,2024-08-09 01:55:47,0,#sunset #views #sky,Port Donnaside,image,elliottdonald,319,4608,Port Donnaside,25-34,male,medium
2105,9996,gutierrezkaren,"They looked at her with sad, anxious faces",https://picsum.photos/949/243,2024-05-26 23:42:52,1,#anxious #sad #faces,Susanland,image,gutierrezkaren,3680,2781,Susanland,18-24,female,low
5596,6398,adamsricky,Road trip,https://placekitten.com/745/873,2024-08-11 04:49:19,1,#roadtrip #adventure #travel,Lake Erichaven,image,adamsricky,3058,302,Lake Erichaven,18-24,male,medium
7160,6846,martinanna,Chasing waterfalls,https://dummyimage.com/994x873,2024-07-01 02:51:07,0,#waterfalls #nature #hiking,Cobbview,image,martinanna,3767,2543,Cobbview,35-44,male,low
348,1609,deborahrussell,City lights,https://placekitten.com/636/680,2024-02-10 02:18:46,1,#city #nightlife #urban,South Elizabeth,image,deborahrussell,3459,1000,South Elizabeth,18-24,male,medium
4920,6275,jennifer29,I am feeling very happy,https://picsum.photos/401/366,2024-03-15 10:08:28,0,#happy #joy #feel,Brooksborough,image,jennifer29,6838,4609,Brooksborough,25-34,female,high
8015,6241,rsmith,Road trip,https://picsum.photos/126/762,2024-02-19 17:53:30,0,#roadtrip #adventure #travel,Timothyton,image,rsmith,8882,4041,Timothyton,18-24,female,medium
2410,1734,yfigueroa,It makes me sad,https://picsum.photos/402/244,2024-08-14 19:21:46,1,#depression #stress #trauma,Karenville,video,yfigueroa,4475,3743,Karenville,18-24,male,high
7479,1977,tsimmons,Sunset views,https://dummyimage.com/999x755,2024-08-29 04:53:52,1,#sunset #views #sky,Port Louisshire,video,tsimmons,8388,1649,Port Louisshire,18-24,male,high
1681,579,hoffmantina,A sad day for us all,https://placekitten.com/626/655,2024-01-17 13:44:51,0,#sad #day #all,Robertschester,image,hoffmantina,3774,245,Robertschester,45-54,male,low
6122,483,summersryan,Weekend getaway,https://picsum.photos/82/561,2024-06-23 01:27:56,1,#weekend #travel #getaway,Alicialand,video,summersryan,7046,1796,Alicialand,35-44,female,low
5051,7154,sean83,Exploring the mountains,https://placekitten.com/164/824,2024-05-29 10:12:59,0,#mountains #hiking #nature,Farrellborough,image,sean83,9262,2683,Farrellborough,45-54,female,low
9285,9857,jessica75,I am feeling very happy,https://dummyimage.com/46x811,2024-07-09 22:09:24,0,#happy #joy #feel,Lindsaychester,image,jessica75,3412,2299,Lindsaychester,18-24,female,medium
5407,9302,nataliefields,I am feeling very sad,https://dummyimage.com/490x595,2024-06-04 06:47:39,0,#sad #low #feel,Mcdanielview,video,nataliefields,4261,3579,Mcdanielview,18-24,female,high
2862,9857,jessica75,Travel goals,https://dummyimage.com/632x561,2024-05-08 08:23:04,0,#travel #adventure #explore,Lindsaychester,image,jessica75,3412,2299,Lindsaychester,18-24,female,medium
5655,9284,elizabethpotts,Beach day,https://placekitten.com/16/216,2024-06-14 08:46:11,0,#beach #sun #sand,Wilkersonfort,image,elizabethpotts,6505,2570,Wilkersonfort,35-44,female,low
818,2910,ksmith,I am feeling very happy,https://picsum.photos/300/825,2024-05-13 04:26:59,0,#happy #joy #feel,Wandaville,image,ksmith,6988,2422,Wandaville,18-24,female,medium
6536,9284,elizabethpotts,Enjoying the sunset,https://placekitten.com/205/628,2024-09-29 06:11:52,0,#sunset #evening #nature,Wilkersonfort,image,elizabethpotts,6505,2570,Wilkersonfort,35-44,female,low
4927,1246,hillwilliam,The sad fact is that he's lost his touch,https://picsum.photos/99/859,2024-05-03 00:26:38,0,#lost #touch #sad,North Jeffreychester,video,hillwilliam,1813,4701,North Jeffreychester,25-34,male,low
8905,6664,robert48,Enjoying the sunset,https://placekitten.com/453/303,2024-02-25 16:31:07,0,#sunset #evening #nature,Morrisonfurt,image,robert48,3348,2202,Morrisonfurt,25-34,female,low
4868,9023,jacksoncameron,Weekend getaway,https://placekitten.com/168/856,2024-08-14 09:37:15,1,#weekend #travel #getaway,Mooreshire,image,jacksoncameron,3123,4261,Mooreshire,25-34,female,high
7267,6398,adamsricky,Weekend getaway,https://picsum.photos/496/967,2024-08-16 01:29:46,0,#weekend #travel #getaway,Lake Erichaven,image,adamsricky,3058,302,Lake Erichaven,18-24,male,medium
822,2374,donna23,Beach day,https://dummyimage.com/125x833,2024-09-13 12:11:21,0,#beach #sun #sand,South Thomas,video,donna23,3218,4680,South Thomas,18-24,male,medium
6703,1073,baldwinwalter,Healthy living,https://picsum.photos/1009/346,2024-09-05 16:07:10,0,#healthyliving #fitness #wellness,West Philip,image,baldwinwalter,2575,1017,West Philip,45-54,female,low
2008,9857,jessica75,"They looked at her with sad, anxious faces",https://dummyimage.com/904x615,2024-07-15 03:04:57,0,#anxious #sad #faces,Lindsaychester,video,jessica75,3412,2299,Lindsaychester,18-24,female,medium
694,6994,gilbertjohnson,I am feeling very happy,https://dummyimage.com/279x130,2024-03-25 16:30:06,0,#happy #joy #feel,West Bonnie,image,gilbertjohnson,2776,3757,West Bonnie,18-24,male,high
5868,5897,luissullivan,A sad day for us all,https://dummyimage.com/987x41,2024-10-06 11:42:52,0,#sad #day #all,Lake Christineside,image,luissullivan,1188,3574,Lake Christineside,25-34,male,low
8303,5516,rhenry,I am feeling very sad,https://dummyimage.com/566x797,2024-06-07 17:09:33,0,#sad #low #feel,New Kimberlyview,video,rhenry,4402,512,New Kimberlyview,35-44,male,high
6973,3406,oanderson,Healthy living,https://picsum.photos/13/483,2024-03-04 06:03:30,0,#healthyliving #fitness #wellness,Shannonfurt,image,oanderson,6625,3971,Shannonfurt,18-24,female,medium
6834,5524,angelaroman,A sad day for us all,https://placekitten.com/285/651,2024-06-23 05:03:18,0,#sad #day #all,East Diane,image,angelaroman,5698,3878,East Diane,35-44,female,medium
138,2693,hschwartz,Throwback to summer,https://placekitten.com/55/153,2024-07-23 22:49:39,1,#summer #memories #throwback,Port Jamesview,video,hschwartz,4800,4771,Port Jamesview,18-24,male,high
620,9857,jessica75,Road trip,https://dummyimage.com/354x14,2024-05-19 09:24:45,1,#roadtrip #adventure #travel,Lindsaychester,image,jessica75,3412,2299,Lindsaychester,18-24,female,medium
2111,7007,peggyrodriguez,Love this beach,https://picsum.photos/285/587,2024-06-12 02:16:17,0,#beach #ocean #sun,West Alan,video,peggyrodriguez,1061,2942,West Alan,25-34,female,high
7852,1734,yfigueroa,Love this beach,https://dummyimage.com/424x1014,2024-08-27 16:01:28,0,#beach #ocean #sun,Karenville,image,yfigueroa,4475,3743,Karenville,18-24,male,high
9528,4743,rmcknight,It makes me sad,https://dummyimage.com/269x531,2024-06-26 10:32:59,1,#depression #stress #trauma,East Karen,image,rmcknight,3985,3567,East Karen,25-34,male,low
969,9020,kevinboyer,Healthy living,https://placekitten.com/753/352,2024-01-04 06:51:36,0,#healthyliving #fitness #wellness,New Jacobbury,image,kevinboyer,8393,2313,New Jacobbury,25-34,male,high
6720,4449,hunterjaime,Road trip,https://placekitten.com/448/15,2024-02-17 12:23:35,0,#roadtrip #adventure #travel,Sierraville,image,hunterjaime,688,382,Sierraville,25-34,male,medium
8703,2810,rstewart,A sad day for us all,https://picsum.photos/255/75,2024-07-05 13:34:16,1,#sad #day #all,North Cynthiafurt,video,rstewart,4390,672,North Cynthiafurt,18-24,male,low
3806,695,josephparker,City lights,https://dummyimage.com/527x1004,2024-06-23 22:45:13,1,#city #nightlife #urban,Richardsside,image,josephparker,9930,3366,Richardsside,25-34,male,high
7589,6744,caustin,"They looked at her with sad, anxious faces",https://dummyimage.com/481x154,2024-01-21 16:35:03,0,#anxious #sad #faces,East Jessica,video,caustin,6111,3411,East Jessica,18-24,male,high
5111,1783,crawfordrobert,Travel goals,https://dummyimage.com/942x715,2024-10-06 08:26:34,1,#travel #adventure #explore,East James,image,crawfordrobert,2146,4347,East James,45-54,male,high
182,9996,gutierrezkaren,Weekend getaway,https://picsum.photos/359/443,2024-05-02 18:55:08,0,#weekend #travel #getaway,Susanland,image,gutierrezkaren,3680,2781,Susanland,18-24,female,low
5427,6847,justinjones,A sad day for us all,https://dummyimage.com/558x691,2024-09-09 01:59:24,1,#sad #day #all,North Erin,video,justinjones,5893,4876,North Erin,45-54,male,high
4403,3010,khoward,Throwback to summer,https://dummyimage.com/736x434,2024-03-26 02:41:43,0,#summer #memories #throwback,Paulmouth,video,khoward,3827,818,Paulmouth,35-44,male,medium
7229,6015,dwayne06,It makes me sad,https://dummyimage.com/402x403,2024-09-23 20:35:58,1,#depression #stress #trauma,Woodfort,video,dwayne06,179,2223,Woodfort,35-44,female,high
3643,2231,colethomas,Enjoying the sunset,https://dummyimage.com/23x177,2024-09-30 18:47:24,1,#sunset #evening #nature,North Christopherberg,video,colethomas,6903,4276,North Christopherberg,35-44,male,medium
6657,9302,nataliefields,Throwback to summer,https://placekitten.com/832/994,2024-04-17 10:37:29,0,#summer #memories #throwback,Mcdanielview,video,nataliefields,4261,3579,Mcdanielview,18-24,female,high
49,3047,higginsdebbie,Coffee time,https://dummyimage.com/954x459,2024-08-27 01:07:30,1,#coffee #morning #caffeine,Russellville,video,higginsdebbie,3757,625,Russellville,45-54,female,low
3171,9198,garzaamanda,Chasing waterfalls,https://dummyimage.com/406x55,2024-02-07 18:27:28,0,#waterfalls #nature #hiking,Millerfort,video,garzaamanda,4624,1701,Millerfort,25-34,male,high
8383,7154,sean83,Feeling blessed,https://dummyimage.com/360x85,2024-01-27 03:55:56,0,#blessed #grateful #thankful,Farrellborough,video,sean83,9262,2683,Farrellborough,45-54,female,low
7096,1246,hillwilliam,Morning vibes,https://picsum.photos/119/998,2024-08-28 12:19:31,0,#morning #freshstart #sunrise,North Jeffreychester,image,hillwilliam,1813,4701,North Jeffreychester,25-34,male,low
7782,6846,martinanna,Exploring the mountains,https://dummyimage.com/63x732,2024-09-24 03:56:32,1,#mountains #hiking #nature,Cobbview,video,martinanna,3767,2543,Cobbview,35-44,male,low
4550,9198,garzaamanda,Sunset views,https://picsum.photos/113/626,2024-03-19 05:30:57,1,#sunset #views #sky,Millerfort,image,garzaamanda,4624,1701,Millerfort,25-34,male,high
8408,4449,hunterjaime,Chasing waterfalls,https://dummyimage.com/497x15,2024-02-23 23:37:12,1,#waterfalls #nature #hiking,Sierraville,image,hunterjaime,688,382,Sierraville,25-34,male,medium
6773,2910,ksmith,Healthy living,https://placekitten.com/891/313,2024-07-21 18:24:00,0,#healthyliving #fitness #wellness,Wandaville,video,ksmith,6988,2422,Wandaville,18-24,female,medium
1970,6015,dwayne06,Sunset views,https://placekitten.com/1016/147,2024-09-21 20:09:37,0,#sunset #views #sky,Woodfort,image,dwayne06,179,2223,Woodfort,35-44,female,high
1548,3864,veronica23,Travel goals,https://dummyimage.com/11x1000,2024-02-17 04:08:39,0,#travel #adventure #explore,South Rebeccaport,video,veronica23,1311,2406,South Rebeccaport,18-24,male,high
3357,9509,thomaslarson,Feeling blessed,https://picsum.photos/561/16,2024-02-05 05:01:13,0,#blessed #grateful #thankful,Jonesfort,image,thomaslarson,8896,4802,Jonesfort,18-24,male,high
9073,6846,martinanna,A sad day for us all,https://dummyimage.com/913x539,2024-01-28 10:15:40,0,#sad #day #all,Cobbview,video,martinanna,3767,2543,Cobbview,35-44,male,low
75,6241,rsmith,Road trip,https://dummyimage.com/16x60,2024-06-11 07:26:24,1,#roadtrip #adventure #travel,Timothyton,video,rsmith,8882,4041,Timothyton,18-24,female,medium
5997,2910,ksmith,Healthy living,https://picsum.photos/314/511,2024-09-20 17:17:28,1,#healthyliving #fitness #wellness,Wandaville,image,ksmith,6988,2422,Wandaville,18-24,female,medium
5746,7154,sean83,Beach day,https://dummyimage.com/642x457,2024-08-15 09:41:55,0,#beach #sun #sand,Farrellborough,image,sean83,9262,2683,Farrellborough,45-54,female,low
7619,8786,michael08,Hiking adventures,https://picsum.photos/572/24,2024-10-02 16:03:03,0,#hiking #outdoors #adventure,South Melissa,video,michael08,6001,310,South Melissa,18-24,male,medium
4009,2915,bridget49,Feeling blessed,https://placekitten.com/655/444,2024-09-29 16:07:11,1,#blessed #grateful #thankful,Patelview,image,bridget49,5258,4220,Patelview,35-44,female,low
5587,3133,garciajack,"They looked at her with sad, anxious faces",https://picsum.photos/194/1021,2024-03-19 22:30:58,0,#anxious #sad #faces,East David,image,garciajack,5056,4402,East David,45-54,female,low
589,3277,michaellee,I am feeling very happy,https://picsum.photos/472/682,2024-07-05 12:10:35,1,#happy #joy #feel,Tylerberg,video,michaellee,8517,1066,Tylerberg,18-24,male,low
5978,3837,sheltonbenjamin,Dinner with friends,https://dummyimage.com/96x771,2024-05-05 12:02:33,1,#dinner #friends #goodtimes,South Alexandriaville,image,sheltonbenjamin,1831,2395,South Alexandriaville,18-24,male,low
4099,7154,sean83,Exploring the mountains,https://dummyimage.com/551x459,2024-05-09 18:50:58,0,#mountains #hiking #nature,Farrellborough,video,sean83,9262,2683,Farrellborough,45-54,female,low
2144,1609,deborahrussell,I am feeling very happy,https://picsum.photos/312/758,2024-02-14 20:59:29,1,#happy #joy #feel,South Elizabeth,image,deborahrussell,3459,1000,South Elizabeth,18-24,male,medium
9445,2693,hschwartz,Beach day,https://picsum.photos/20/180,2024-07-20 01:42:32,1,#beach #sun #sand,Port Jamesview,image,hschwartz,4800,4771,Port Jamesview,18-24,male,high
2226,3420,vfisher,Road trip,https://picsum.photos/42/660,2024-06-03 11:37:49,1,#roadtrip #adventure #travel,Port Kristinaborough,video,vfisher,8131,3669,Port Kristinaborough,25-34,male,medium
384,3047,higginsdebbie,Family time,https://placekitten.com/24/164,2024-01-22 12:08:37,1,#family #love #qualitytime,Russellville,image,higginsdebbie,3757,625,Russellville,45-54,female,low
5270,5800,tracylarson,Morning vibes,https://placekitten.com/47/553,2024-07-26 13:36:39,0,#morning #freshstart #sunrise,Thomasport,video,tracylarson,3360,661,Thomasport,25-34,female,low
5320,5191,cody67,Enjoying the sunset,https://dummyimage.com/245x451,2024-08-12 02:09:52,1,#sunset #evening #nature,Jonathanbury,video,cody67,7406,2216,Jonathanbury,45-54,female,low
6096,6971,gcabrera,Healthy living,https://dummyimage.com/612x1004,2024-03-04 00:45:07,0,#healthyliving #fitness #wellness,Sanchezton,image,gcabrera,2640,4904,Sanchezton,45-54,male,medium
8533,5524,angelaroman,I am feeling very sad,https://picsum.photos/195/75,2024-07-26 13:49:41,0,#sad #low #feel,East Diane,image,angelaroman,5698,3878,East Diane,35-44,female,medium
5126,9857,jessica75,Coffee time,https://placekitten.com/309/369,2024-09-19 05:04:38,1,#coffee #morning #caffeine,Lindsaychester,image,jessica75,3412,2299,Lindsaychester,18-24,female,medium
2023,6846,martinanna,Dinner with friends,https://placekitten.com/749/706,2024-06-23 15:13:35,1,#dinner #friends #goodtimes,Cobbview,video,martinanna,3767,2543,Cobbview,35-44,male,low
5840,6241,rsmith,City lights,https://dummyimage.com/67x725,2024-03-11 19:46:56,0,#city #nightlife #urban,Timothyton,video,rsmith,8882,4041,Timothyton,18-24,female,medium
397,2519,sbarker,Workout motivation,https://placekitten.com/143/723,2024-04-27 07:56:59,1,#workout #fitness #motivation,Hollandberg,video,sbarker,5533,563,Hollandberg,35-44,female,medium
1659,8447,kathryn53,The sad fact is that he's lost his touch,https://dummyimage.com/539x283,2024-04-03 22:10:07,0,#lost #touch #sad,Monicaborough,image,kathryn53,5614,516,Monicaborough,18-24,female,high
6431,579,hoffmantina,Feeling blessed,https://picsum.photos/212/813,2024-04-15 05:07:02,0,#blessed #grateful #thankful,Robertschester,image,hoffmantina,3774,245,Robertschester,45-54,male,low
3705,3765,feliciaguzman,Family time,https://dummyimage.com/301x130,2024-02-05 06:26:49,1,#family #love #qualitytime,New Judithside,video,feliciaguzman,9331,1168,New Judithside,18-24,female,low
7690,6275,jennifer29,Exploring the mountains,https://placekitten.com/115/109,2024-04-02 10:52:40,0,#mountains #hiking #nature,Brooksborough,image,jennifer29,6838,4609,Brooksborough,25-34,female,high
7623,9284,elizabethpotts,Healthy breakfast,https://placekitten.com/316/78,2024-04-14 00:49:07,0,#breakfast #healthy #food,Wilkersonfort,video,elizabethpotts,6505,2570,Wilkersonfort,35-44,female,low
1706,2519,sbarker,Dinner with friends,https://picsum.photos/1020/357,2024-03-04 09:36:24,0,#dinner #friends #goodtimes,Hollandberg,video,sbarker,5533,563,Hollandberg,35-44,female,medium
720,9023,jacksoncameron,Travel goals,https://placekitten.com/942/538,2024-02-17 11:31:18,0,#travel #adventure #explore,Mooreshire,image,jacksoncameron,3123,4261,Mooreshire,25-34,female,high
6985,3047,higginsdebbie,"Sad to say, she never lived to see it",https://dummyimage.com/762x102,2024-04-22 07:48:40,0,#lived #sad,Russellville,image,higginsdebbie,3757,625,Russellville,45-54,female,low
5499,5191,cody67,It makes me sad,https://dummyimage.com/164x495,2024-02-10 11:01:22,0,#depression #stress #trauma,Jonathanbury,image,cody67,7406,2216,Jonathanbury,45-54,female,low
2109,7074,ebrown,Road trip,https://picsum.photos/72/1008,2024-03-08 02:45:44,1,#roadtrip #adventure #travel,East Daniel,image,ebrown,6372,4543,East Daniel,18-24,male,high
4589,1734,yfigueroa,Travel goals,https://placekitten.com/351/376,2024-02-01 00:04:42,0,#travel #adventure #explore,Karenville,image,yfigueroa,4475,3743,Karenville,18-24,male,high
7113,5438,christopher54,Enjoying the sunset,https://placekitten.com/829/430,2024-06-14 12:58:09,0,#sunset #evening #nature,East Tiffany,video,christopher54,7625,4182,East Tiffany,25-34,male,medium
9453,3864,veronica23,Hiking adventures,https://placekitten.com/866/637,2024-01-15 21:53:20,1,#hiking #outdoors #adventure,South Rebeccaport,video,veronica23,1311,2406,South Rebeccaport,18-24,male,high
8985,8771,chodges,Weekend getaway,https://picsum.photos/606/973,2024-07-06 20:07:23,0,#weekend #travel #getaway,East Amy,image,chodges,1473,2319,East Amy,35-44,female,medium
7626,3277,michaellee,Beach day,https://dummyimage.com/738x167,2024-06-03 08:28:40,1,#beach #sun #sand,Tylerberg,video,michaellee,8517,1066,Tylerberg,18-24,male,low
578,6015,dwayne06,"They looked at her with sad, anxious faces",https://dummyimage.com/25x619,2024-06-06 16:57:32,1,#anxious #sad #faces,Woodfort,image,dwayne06,179,2223,Woodfort,35-44,female,high
5593,1246,hillwilliam,Sunset views,https://dummyimage.com/342x53,2024-01-25 17:23:15,0,#sunset #views #sky,North Jeffreychester,image,hillwilliam,1813,4701,North Jeffreychester,25-34,male,low
58,9158,denise68,Workout motivation,https://picsum.photos/194/24,2024-07-09 06:39:38,0,#workout #fitness #motivation,East Travis,video,denise68,4842,1523,East Travis,35-44,female,high
8346,4985,dhill,"They looked at her with sad, anxious faces",https://picsum.photos/91/47,2024-03-31 06:34:32,0,#anxious #sad #faces,Anneside,video,dhill,3912,1504,Anneside,25-34,female,high
3300,7154,sean83,Love this beach,https://picsum.photos/343/993,2024-07-29 05:28:08,1,#beach #ocean #sun,Farrellborough,image,sean83,9262,2683,Farrellborough,45-54,female,low
7722,7410,danestrada,Sunset views,https://dummyimage.com/393x223,2024-07-31 01:16:04,1,#sunset #views #sky,South Maryland,image,danestrada,2085,2206,South Maryland,18-24,female,low
5081,3196,timothy89,Enjoying the sunset,https://picsum.photos/78/871,2024-08-03 02:42:33,1,#sunset #evening #nature,New Tiffanyfurt,video,timothy89,3543,3569,New Tiffanyfurt,45-54,male,medium
8672,1783,crawfordrobert,Chasing waterfalls,https://picsum.photos/704/757,2024-03-01 16:40:46,0,#waterfalls #nature #hiking,East James,video,crawfordrobert,2146,4347,East James,45-54,male,high
9642,5516,rhenry,Healthy breakfast,https://picsum.photos/21/179,2024-06-29 11:52:26,0,#breakfast #healthy #food,New Kimberlyview,image,rhenry,4402,512,New Kimberlyview,35-44,male,high
5228,2052,steven23,Sunset views,https://picsum.photos/760/148,2024-01-05 22:18:40,1,#sunset #views #sky,West Tyroneshire,video,steven23,8960,2578,West Tyroneshire,18-24,male,medium
3382,2810,rstewart,Beach day,https://placekitten.com/910/540,2024-05-10 13:28:37,0,#beach #sun #sand,North Cynthiafurt,image,rstewart,4390,672,North Cynthiafurt,18-24,male,low
5233,7410,danestrada,I am feeling very sad,https://dummyimage.com/1024x877,2024-02-21 10:50:33,0,#sad #low #feel,South Maryland,image,danestrada,2085,2206,South Maryland,18-24,female,low
1050,5524,angelaroman,Coffee time,https://placekitten.com/419/723,2024-06-14 11:41:33,1,#coffee #morning #caffeine,East Diane,video,angelaroman,5698,3878,East Diane,35-44,female,medium
8660,2583,kristina17,The sad fact is that he's lost his touch,https://dummyimage.com/418x726,2024-01-06 22:40:04,1,#lost #touch #sad,East Melissaside,image,kristina17,6028,1110,East Melissaside,25-34,female,high
7902,8661,adamsjavier,City lights,https://dummyimage.com/432x13,2024-10-02 08:51:40,0,#city #nightlife #urban,Callahanshire,image,adamsjavier,1286,1397,Callahanshire,18-24,female,low
5804,2280,sierrakelly,Family time,https://picsum.photos/430/588,2024-02-23 06:53:54,0,#family #love #qualitytime,New Abigailville,video,sierrakelly,9544,4714,New Abigailville,35-44,male,high
8093,8786,michael08,Hiking adventures,https://picsum.photos/225/623,2024-05-22 11:21:20,1,#hiking #outdoors #adventure,South Melissa,image,michael08,6001,310,South Melissa,18-24,male,medium
4207,1246,hillwilliam,Exploring the mountains,https://dummyimage.com/461x955,2024-02-28 02:35:03,0,#mountains #hiking #nature,North Jeffreychester,video,hillwilliam,1813,4701,North Jeffreychester,25-34,male,low
947,3199,bryancarroll,It makes me sad,https://picsum.photos/756/791,2024-09-24 09:05:03,0,#depression #stress #trauma,Anthonyberg,image,bryancarroll,112,3903,Anthonyberg,18-24,female,low
8700,1073,baldwinwalter,The sad fact is that he's lost his touch,https://placekitten.com/892/716,2024-01-29 14:05:42,0,#lost #touch #sad,West Philip,video,baldwinwalter,2575,1017,West Philip,45-54,female,low
7731,579,hoffmantina,Feeling blessed,https://dummyimage.com/130x854,2024-09-30 11:40:10,1,#blessed #grateful #thankful,Robertschester,image,hoffmantina,3774,245,Robertschester,45-54,male,low
9846,2280,sierrakelly,Dinner with friends,https://placekitten.com/656/471,2024-06-11 11:56:29,0,#dinner #friends #goodtimes,New Abigailville,image,sierrakelly,9544,4714,New Abigailville,35-44,male,high
2951,1977,tsimmons,Beach day,https://dummyimage.com/764x458,2024-06-08 04:04:25,0,#beach #sun #sand,Port Louisshire,video,tsimmons,8388,1649,Port Louisshire,18-24,male,high
9800,3047,higginsdebbie,Morning vibes,https://dummyimage.com/615x316,2024-01-16 09:23:36,1,#morning #freshstart #sunrise,Russellville,image,higginsdebbie,3757,625,Russellville,45-54,female,low
3498,9302,nataliefields,Workout motivation,https://picsum.photos/677/760,2024-08-15 10:49:40,1,#workout #fitness #motivation,Mcdanielview,image,nataliefields,4261,3579,Mcdanielview,18-24,female,high
823,5516,rhenry,The sad fact is that he's lost his touch,https://placekitten.com/1007/644,2024-02-16 08:31:42,1,#lost #touch #sad,New Kimberlyview,video,rhenry,4402,512,New Kimberlyview,35-44,male,high
8840,3765,feliciaguzman,It makes me sad,https://placekitten.com/558/165,2024-07-30 11:48:36,1,#depression #stress #trauma,New Judithside,video,feliciaguzman,9331,1168,New Judithside,18-24,female,low
2123,6241,rsmith,Enjoying the sunset,https://placekitten.com/950/370,2024-04-21 05:30:01,0,#sunset #evening #nature,Timothyton,video,rsmith,8882,4041,Timothyton,18-24,female,medium
1088,5438,christopher54,Beach day,https://picsum.photos/709/779,2024-04-22 23:13:31,1,#beach #sun #sand,East Tiffany,image,christopher54,7625,4182,East Tiffany,25-34,male,medium
4302,1246,hillwilliam,Beach day,https://picsum.photos/159/147,2024-07-02 20:52:43,0,#beach #sun #sand,North Jeffreychester,video,hillwilliam,1813,4701,North Jeffreychester,25-34,male,low
8557,9460,rebecca35,It makes me sad,https://picsum.photos/67/906,2024-09-16 18:57:19,1,#depression #stress #trauma,West Veronica,image,rebecca35,7193,2842,West Veronica,18-24,male,high
196,3277,michaellee,"Sad to say, she never lived to see it",https://placekitten.com/436/917,2024-10-07 23:46:50,1,#lived #sad,Tylerberg,video,michaellee,8517,1066,Tylerberg,18-24,male,low
7543,5618,heather99,I am feeling very happy,https://picsum.photos/566/722,2024-09-30 10:01:20,1,#happy #joy #feel,Lake Joshuatown,video,heather99,4128,4772,Lake Joshuatown,35-44,female,medium
4216,7253,christopher79,Feeling blessed,https://dummyimage.com/319x306,2024-01-06 08:12:21,1,#blessed #grateful #thankful,East Colemouth,image,christopher79,3552,3132,East Colemouth,25-34,male,low
2637,579,hoffmantina,The sad fact is that he's lost his touch,https://dummyimage.com/54x766,2024-09-24 17:24:57,1,#lost #touch #sad,Robertschester,image,hoffmantina,3774,245,Robertschester,45-54,male,low
6553,2280,sierrakelly,It makes me sad,https://placekitten.com/527/670,2024-09-07 15:02:19,1,#depression #stress #trauma,New Abigailville,image,sierrakelly,9544,4714,New Abigailville,35-44,male,high
9080,228,nmorris,"They looked at her with sad, anxious faces",https://dummyimage.com/700x824,2024-04-17 05:10:14,1,#anxious #sad #faces,New Stephanie,video,nmorris,9619,3392,New Stephanie,18-24,female,high
96,9509,thomaslarson,The sad fact is that he's lost his touch,https://placekitten.com/110/47,2024-06-11 05:21:39,0,#lost #touch #sad,Jonesfort,video,thomaslarson,8896,4802,Jonesfort,18-24,male,high
8188,6694,cynthiadavis,Enjoying the sunset,https://placekitten.com/320/823,2024-03-12 15:41:20,0,#sunset #evening #nature,North Brendan,image,cynthiadavis,3665,1274,North Brendan,35-44,male,low
6308,6398,adamsricky,I am feeling very happy,https://picsum.photos/667/220,2024-04-22 20:59:03,0,#happy #joy #feel,Lake Erichaven,image,adamsricky,3058,302,Lake Erichaven,18-24,male,medium
343,3837,sheltonbenjamin,Healthy breakfast,https://placekitten.com/758/271,2024-07-17 08:31:55,0,#breakfast #healthy #food,South Alexandriaville,video,sheltonbenjamin,1831,2395,South Alexandriaville,18-24,male,low
9179,3652,bennettlarry,"Sad to say, she never lived to see it",https://dummyimage.com/445x130,2024-03-25 07:41:57,1,#lived #sad,Robertmouth,video,bennettlarry,3731,1016,Robertmouth,45-54,male,medium
2186,3047,higginsdebbie,Healthy living,https://placekitten.com/29/396,2024-01-06 02:08:07,0,#healthyliving #fitness #wellness,Russellville,image,higginsdebbie,3757,625,Russellville,45-54,female,low
3322,3017,georgejacobson,Feeling blessed,https://placekitten.com/708/71,2024-03-26 11:50:31,0,#blessed #grateful #thankful,Taylorland,video,georgejacobson,1030,1977,Taylorland,18-24,female,low
6735,5328,lturner,Weekend getaway,https://placekitten.com/909/212,2024-05-29 08:42:47,0,#weekend #travel #getaway,West Michaelhaven,video,lturner,4957,3991,West Michaelhaven,25-34,male,low
1252,2519,sbarker,Healthy living,https://dummyimage.com/601x42,2024-03-06 10:30:01,0,#healthyliving #fitness #wellness,Hollandberg,image,sbarker,5533,563,Hollandberg,35-44,female,medium
4155,2052,steven23,Enjoying the sunset,https://picsum.photos/960/809,2024-09-25 23:51:59,0,#sunset #evening #nature,West Tyroneshire,image,steven23,8960,2578,West Tyroneshire,18-24,male,medium
8909,3652,bennettlarry,Family time,https://dummyimage.com/815x674,2024-05-12 02:39:04,1,#family #love #qualitytime,Robertmouth,video,bennettlarry,3731,1016,Robertmouth,45-54,male,medium
1427,5328,lturner,It makes me sad,https://dummyimage.com/295x330,2024-06-11 09:28:11,1,#depression #stress #trauma,West Michaelhaven,image,lturner,4957,3991,West Michaelhaven,25-34,male,low
7862,9198,garzaamanda,Healthy breakfast,https://placekitten.com/729/73,2024-03-16 11:55:15,0,#breakfast #healthy #food,Millerfort,video,garzaamanda,4624,1701,Millerfort,25-34,male,high
1901,9509,thomaslarson,City lights,https://dummyimage.com/637x655,2024-08-06 19:12:17,0,#city #nightlife #urban,Jonesfort,video,thomaslarson,8896,4802,Jonesfort,18-24,male,high
7469,2922,robertspeter,Enjoying the sunset,https://dummyimage.com/646x251,2024-03-21 22:24:35,1,#sunset #evening #nature,West Lori,image,robertspeter,6453,2853,West Lori,35-44,male,low
1765,9524,millerwilliam,Love this beach,https://picsum.photos/411/248,2024-02-18 20:41:11,1,#beach #ocean #sun,South Kellyside,image,millerwilliam,555,4510,South Kellyside,45-54,male,high
5274,483,summersryan,Morning vibes,https://dummyimage.com/32x59,2024-10-04 19:05:36,0,#morning #freshstart #sunrise,Alicialand,image,summersryan,7046,1796,Alicialand,35-44,female,low
8744,9996,gutierrezkaren,Feeling blessed,https://picsum.photos/915/130,2024-09-05 22:37:14,1,#blessed #grateful #thankful,Susanland,image,gutierrezkaren,3680,2781,Susanland,18-24,female,low
5255,3010,khoward,Beach day,https://dummyimage.com/579x189,2024-01-18 05:10:35,0,#beach #sun #sand,Paulmouth,image,khoward,3827,818,Paulmouth,35-44,male,medium
294,1073,baldwinwalter,Sunset views,https://dummyimage.com/569x154,2024-09-16 00:28:34,0,#sunset #views #sky,West Philip,video,baldwinwalter,2575,1017,West Philip,45-54,female,low
157,9302,nataliefields,It makes me sad,https://placekitten.com/858/675,2024-01-24 05:36:12,1,#depression #stress #trauma,Mcdanielview,video,nataliefields,4261,3579,Mcdanielview,18-24,female,high
8070,3652,bennettlarry,Chasing waterfalls,https://placekitten.com/224/293,2024-04-29 22:12:20,0,#waterfalls #nature #hiking,Robertmouth,video,bennettlarry,3731,1016,Robertmouth,45-54,male,medium
2416,1783,crawfordrobert,Exploring the mountains,https://placekitten.com/470/325,2024-08-30 04:11:33,1,#mountains #hiking #nature,East James,image,crawfordrobert,2146,4347,East James,45-54,male,high
4186,8786,michael08,Travel goals,https://dummyimage.com/197x551,2024-01-01 23:53:02,0,#travel #adventure #explore,South Melissa,video,michael08,6001,310,South Melissa,18-24,male,medium
3969,3957,wglenn,A sad day for us all,https://picsum.photos/446/678,2024-06-10 11:18:53,1,#sad #day #all,West Tinafort,video,wglenn,8717,2301,West Tinafort,18-24,male,low
8006,2583,kristina17,Healthy living,https://placekitten.com/33/753,2024-09-21 15:13:06,1,#healthyliving #fitness #wellness,East Melissaside,video,kristina17,6028,1110,East Melissaside,25-34,female,high
5883,2052,steven23,Healthy living,https://picsum.photos/382/73,2024-02-13 06:48:11,0,#healthyliving #fitness #wellness,West Tyroneshire,video,steven23,8960,2578,West Tyroneshire,18-24,male,medium
3455,9967,valdezangela,Dinner with friends,https://picsum.photos/190/375,2024-04-07 21:12:19,0,#dinner #friends #goodtimes,Jacksonfort,video,valdezangela,5636,183,Jacksonfort,35-44,female,low
758,9233,reginascott,I am feeling very happy,https://placekitten.com/869/587,2024-06-22 04:49:52,1,#happy #joy #feel,Kevinbury,video,reginascott,6679,2996,Kevinbury,18-24,male,high
6996,3652,bennettlarry,The sad fact is that he's lost his touch,https://picsum.photos/514/743,2024-01-27 01:20:24,1,#lost #touch #sad,Robertmouth,video,bennettlarry,3731,1016,Robertmouth,45-54,male,medium
3561,9198,garzaamanda,Beach day,https://dummyimage.com/321x597,2024-07-11 23:16:31,1,#beach #sun #sand,Millerfort,image,garzaamanda,4624,1701,Millerfort,25-34,male,high
5900,9158,denise68,Throwback to summer,https://dummyimage.com/438x530,2024-05-31 07:42:49,0,#summer #memories #throwback,East Travis,video,denise68,4842,1523,East Travis,35-44,female,high
4290,9087,jrichardson,"Sad to say, she never lived to see it",https://picsum.photos/754/1019,2024-04-12 02:44:28,1,#lived #sad,Lake Mary,image,jrichardson,2026,1528,Lake Mary,25-34,female,low
2245,7154,sean83,"Sad to say, she never lived to see it",https://dummyimage.com/442x849,2024-04-14 17:21:42,1,#lived #sad,Farrellborough,video,sean83,9262,2683,Farrellborough,45-54,female,low
3859,579,hoffmantina,Family time,https://picsum.photos/553/477,2024-04-01 04:23:20,0,#family #love #qualitytime,Robertschester,image,hoffmantina,3774,245,Robertschester,45-54,male,low
274,8771,chodges,Family time,https://picsum.photos/229/610,2024-03-13 07:48:12,0,#family #love #qualitytime,East Amy,video,chodges,1473,2319,East Amy,35-44,female,medium
2628,2693,hschwartz,Throwback to summer,https://placekitten.com/370/224,2024-08-26 09:53:58,0,#summer #memories #throwback,Port Jamesview,image,hschwartz,4800,4771,Port Jamesview,18-24,male,high
8463,6664,robert48,"Sad to say, she never lived to see it",https://placekitten.com/41/326,2024-08-05 07:19:34,1,#lived #sad,Morrisonfurt,image,robert48,3348,2202,Morrisonfurt,25-34,female,low
7319,2910,ksmith,It makes me sad,https://dummyimage.com/213x892,2024-08-22 15:15:09,0,#depression #stress #trauma,Wandaville,video,ksmith,6988,2422,Wandaville,18-24,female,medium
9942,9233,reginascott,Chasing waterfalls,https://picsum.photos/986/124,2024-01-13 02:04:23,1,#waterfalls #nature #hiking,Kevinbury,image,reginascott,6679,2996,Kevinbury,18-24,male,high
2493,511,williamfranklin,City lights,https://dummyimage.com/335x746,2024-02-06 16:51:25,1,#city #nightlife #urban,Savannahmouth,image,williamfranklin,5319,3972,Savannahmouth,25-34,female,low
8520,9302,nataliefields,Hiking adventures,https://placekitten.com/381/751,2024-01-15 10:28:07,1,#hiking #outdoors #adventure,Mcdanielview,image,nataliefields,4261,3579,Mcdanielview,18-24,female,high
7659,9967,valdezangela,I am feeling very sad,https://picsum.photos/54/640,2024-09-17 03:29:01,0,#sad #low #feel,Jacksonfort,image,valdezangela,5636,183,Jacksonfort,35-44,female,low
2713,5618,heather99,Workout motivation,https://picsum.photos/10/668,2024-09-23 19:37:35,0,#workout #fitness #motivation,Lake Joshuatown,video,heather99,4128,4772,Lake Joshuatown,35-44,female,medium
9616,9996,gutierrezkaren,City lights,https://picsum.photos/569/251,2024-08-09 21:14:48,0,#city #nightlife #urban,Susanland,video,gutierrezkaren,3680,2781,Susanland,18-24,female,low
4906,3017,georgejacobson,A sad day for us all,https://dummyimage.com/729x419,2024-01-25 06:15:49,1,#sad #day #all,Taylorland,image,georgejacobson,1030,1977,Taylorland,18-24,female,low
6317,6664,robert48,Healthy living,https://dummyimage.com/747x1011,2024-05-30 01:18:58,0,#healthyliving #fitness #wellness,Morrisonfurt,video,robert48,3348,2202,Morrisonfurt,25-34,female,low
6333,1246,hillwilliam,"They looked at her with sad, anxious faces",https://picsum.photos/515/573,2024-08-10 03:03:49,1,#anxious #sad #faces,North Jeffreychester,video,hillwilliam,1813,4701,North Jeffreychester,25-34,male,low
9733,2583,kristina17,I am feeling very sad,https://picsum.photos/221/270,2024-01-23 09:23:32,1,#sad #low #feel,East Melissaside,video,kristina17,6028,1110,East Melissaside,25-34,female,high
4673,3277,michaellee,The sad fact is that he's lost his touch,https://picsum.photos/657/293,2024-02-20 04:59:51,1,#lost #touch #sad,Tylerberg,video,michaellee,8517,1066,Tylerberg,18-24,male,low
8793,1609,deborahrussell,Enjoying the sunset,https://picsum.photos/653/562,2024-06-09 13:14:19,0,#sunset #evening #nature,South Elizabeth,image,deborahrussell,3459,1000,South Elizabeth,18-24,male,medium
1674,6847,justinjones,City lights,https://picsum.photos/15/281,2024-08-03 04:24:22,0,#city #nightlife #urban,North Erin,image,justinjones,5893,4876,North Erin,45-54,male,high
8859,1509,tararodriguez,Love this beach,https://picsum.photos/516/371,2024-04-03 17:58:45,0,#beach #ocean #sun,Gregoryborough,video,tararodriguez,4573,4450,Gregoryborough,25-34,male,medium
5429,2915,bridget49,Road trip,https://picsum.photos/577/405,2024-04-13 02:05:07,1,#roadtrip #adventure #travel,Patelview,video,bridget49,5258,4220,Patelview,35-44,female,low
2661,2669,wsmith,Morning vibes,https://dummyimage.com/559x248,2024-07-20 11:04:21,0,#morning #freshstart #sunrise,Johnsonfort,image,wsmith,4007,4214,Johnsonfort,35-44,female,high
7179,9777,elliottdonald,City lights,https://placekitten.com/29/929,2024-04-06 20:24:57,1,#city #nightlife #urban,Port Donnaside,image,elliottdonald,319,4608,Port Donnaside,25-34,male,medium
1831,9198,garzaamanda,Exploring the mountains,https://picsum.photos/329/157,2024-07-29 20:46:10,0,#mountains #hiking #nature,Millerfort,image,garzaamanda,4624,1701,Millerfort,25-34,male,high
8651,9857,jessica75,Dinner with friends,https://placekitten.com/764/363,2024-09-17 11:52:58,0,#dinner #friends #goodtimes,Lindsaychester,image,jessica75,3412,2299,Lindsaychester,18-24,female,medium
4238,9777,elliottdonald,The sad fact is that he's lost his touch,https://dummyimage.com/716x916,2024-08-16 21:39:26,1,#lost #touch #sad,Port Donnaside,image,elliottdonald,319,4608,Port Donnaside,25-34,male,medium
8843,9777,elliottdonald,Healthy living,https://dummyimage.com/404x433,2024-09-03 17:53:47,0,#healthyliving #fitness #wellness,Port Donnaside,video,elliottdonald,319,4608,Port Donnaside,25-34,male,medium
7402,9509,thomaslarson,The sad fact is that he's lost his touch,https://placekitten.com/447/738,2024-08-14 11:34:19,1,#lost #touch #sad,Jonesfort,image,thomaslarson,8896,4802,Jonesfort,18-24,male,high
4004,695,josephparker,It makes me sad,https://picsum.photos/811/377,2024-07-06 10:37:27,1,#depression #stress #trauma,Richardsside,image,josephparker,9930,3366,Richardsside,25-34,male,high
7073,7410,danestrada,Enjoying the sunset,https://placekitten.com/454/810,2024-08-04 10:34:13,1,#sunset #evening #nature,South Maryland,video,danestrada,2085,2206,South Maryland,18-24,female,low
1615,3196,timothy89,I am feeling very happy,https://dummyimage.com/496x719,2024-05-24 06:38:45,0,#happy #joy #feel,New Tiffanyfurt,video,timothy89,3543,3569,New Tiffanyfurt,45-54,male,medium
4390,7253,christopher79,Morning vibes,https://dummyimage.com/65x908,2024-01-05 09:20:45,1,#morning #freshstart #sunrise,East Colemouth,image,christopher79,3552,3132,East Colemouth,25-34,male,low
7190,7007,peggyrodriguez,Morning vibes,https://dummyimage.com/274x346,2024-01-19 02:34:20,0,#morning #freshstart #sunrise,West Alan,image,peggyrodriguez,1061,2942,West Alan,25-34,female,high
5782,5808,lauraswanson,Sunset views,https://dummyimage.com/797x952,2024-05-11 13:06:39,1,#sunset #views #sky,Weaverport,image,lauraswanson,8065,1793,Weaverport,45-54,female,low
5247,5438,christopher54,Enjoying the sunset,https://placekitten.com/58/691,2024-07-16 19:39:58,0,#sunset #evening #nature,East Tiffany,image,christopher54,7625,4182,East Tiffany,25-34,male,medium
1268,9198,garzaamanda,"They looked at her with sad, anxious faces",https://placekitten.com/321/204,2024-04-04 17:15:55,0,#anxious #sad #faces,Millerfort,image,garzaamanda,4624,1701,Millerfort,25-34,male,high
7557,2519,sbarker,I am feeling very happy,https://dummyimage.com/197x329,2024-08-08 07:55:18,0,#happy #joy #feel,Hollandberg,image,sbarker,5533,563,Hollandberg,35-44,female,medium
4757,8447,kathryn53,Healthy living,https://placekitten.com/539/746,2024-03-03 23:41:24,1,#healthyliving #fitness #wellness,Monicaborough,video,kathryn53,5614,516,Monicaborough,18-24,female,high
5369,4449,hunterjaime,Road trip,https://dummyimage.com/12x335,2024-09-24 23:57:31,1,#roadtrip #adventure #travel,Sierraville,image,hunterjaime,688,382,Sierraville,25-34,male,medium
9276,5800,tracylarson,The sad fact is that he's lost his touch,https://picsum.photos/126/132,2024-08-05 13:23:03,0,#lost #touch #sad,Thomasport,image,tracylarson,3360,661,Thomasport,25-34,female,low
7102,3133,garciajack,Road trip,https://placekitten.com/315/441,2024-07-02 10:01:18,0,#roadtrip #adventure #travel,East David,video,garciajack,5056,4402,East David,45-54,female,low
1467,2231,colethomas,I am feeling very happy,https://placekitten.com/995/66,2024-06-14 17:28:19,1,#happy #joy #feel,North Christopherberg,image,colethomas,6903,4276,North Christopherberg,35-44,male,medium
1006,6015,dwayne06,Coffee time,https://dummyimage.com/621x93,2024-02-23 02:39:53,1,#coffee #morning #caffeine,Woodfort,video,dwayne06,179,2223,Woodfort,35-44,female,high
934,7074,ebrown,Hiking adventures,https://picsum.photos/196/54,2024-09-01 07:41:38,0,#hiking #outdoors #adventure,East Daniel,image,ebrown,6372,4543,East Daniel,18-24,male,high
5170,9087,jrichardson,I am feeling very sad,https://dummyimage.com/848x862,2024-03-19 16:21:46,1,#sad #low #feel,Lake Mary,image,jrichardson,2026,1528,Lake Mary,25-34,female,low
5338,7395,catherine83,Throwback to summer,https://placekitten.com/513/713,2024-09-15 08:59:15,0,#summer #memories #throwback,Gilbertside,video,catherine83,8427,3430,Gilbertside,45-54,male,low
7043,3010,khoward,It makes me sad,https://picsum.photos/891/565,2024-02-07 11:08:04,0,#depression #stress #trauma,Paulmouth,video,khoward,3827,818,Paulmouth,35-44,male,medium
8021,3420,vfisher,Workout motivation,https://placekitten.com/710/650,2024-01-20 01:22:59,1,#workout #fitness #motivation,Port Kristinaborough,image,vfisher,8131,3669,Port Kristinaborough,25-34,male,medium
5605,9020,kevinboyer,A sad day for us all,https://picsum.photos/194/773,2024-02-23 17:36:16,1,#sad #day #all,New Jacobbury,image,kevinboyer,8393,2313,New Jacobbury,25-34,male,high
4040,5438,christopher54,The sad fact is that he's lost his touch,https://picsum.photos/698/432,2024-02-18 06:31:51,1,#lost #touch #sad,East Tiffany,video,christopher54,7625,4182,East Tiffany,25-34,male,medium
2887,5800,tracylarson,Family time,https://placekitten.com/989/862,2024-02-02 06:45:04,0,#family #love #qualitytime,Thomasport,video,tracylarson,3360,661,Thomasport,25-34,female,low
8258,7395,catherine83,A sad day for us all,https://picsum.photos/920/605,2024-01-08 19:53:09,0,#sad #day #all,Gilbertside,video,catherine83,8427,3430,Gilbertside,45-54,male,low
5488,1783,crawfordrobert,Chasing waterfalls,https://placekitten.com/434/708,2024-07-13 07:21:39,0,#waterfalls #nature #hiking,East James,video,crawfordrobert,2146,4347,East James,45-54,male,high
3375,2922,robertspeter,Healthy breakfast,https://placekitten.com/695/689,2024-03-23 05:09:15,0,#breakfast #healthy #food,West Lori,video,robertspeter,6453,2853,West Lori,35-44,male,low
650,5191,cody67,Healthy breakfast,https://dummyimage.com/338x194,2024-07-17 09:27:35,1,#breakfast #healthy #food,Jonathanbury,video,cody67,7406,2216,Jonathanbury,45-54,female,low
7867,7253,christopher79,Travel goals,https://picsum.photos/1017/168,2024-05-25 06:48:23,0,#travel #adventure #explore,East Colemouth,image,christopher79,3552,3132,East Colemouth,25-34,male,low
1025,1509,tararodriguez,Morning vibes,https://picsum.photos/459/437,2024-05-27 10:18:53,1,#morning #freshstart #sunrise,Gregoryborough,image,tararodriguez,4573,4450,Gregoryborough,25-34,male,medium
5235,7074,ebrown,Beach day,https://dummyimage.com/320x46,2024-06-07 01:50:06,1,#beach #sun #sand,East Daniel,image,ebrown,6372,4543,East Daniel,18-24,male,high
8451,511,williamfranklin,Sunset views,https://dummyimage.com/208x336,2024-08-06 10:40:54,0,#sunset #views #sky,Savannahmouth,image,williamfranklin,5319,3972,Savannahmouth,25-34,female,low
227,2693,hschwartz,A sad day for us all,https://picsum.photos/349/7,2024-04-11 11:38:28,1,#sad #day #all,Port Jamesview,video,hschwartz,4800,4771,Port Jamesview,18-24,male,high
3049,3047,higginsdebbie,Love this beach,https://dummyimage.com/563x762,2024-01-31 16:51:48,0,#beach #ocean #sun,Russellville,video,higginsdebbie,3757,625,Russellville,45-54,female,low
8459,6398,adamsricky,I am feeling very happy,https://placekitten.com/358/1005,2024-01-11 17:57:51,0,#happy #joy #feel,Lake Erichaven,video,adamsricky,3058,302,Lake Erichaven,18-24,male,medium
8591,8350,john98,It makes me sad,https://placekitten.com/849/612,2024-02-03 21:18:34,1,#depression #stress #trauma,West Edwardmouth,image,john98,9570,814,West Edwardmouth,18-24,male,low
6878,9777,elliottdonald,Beach day,https://dummyimage.com/995x16,2024-09-13 20:51:58,1,#beach #sun #sand,Port Donnaside,video,elliottdonald,319,4608,Port Donnaside,25-34,male,medium
4144,6694,cynthiadavis,I am feeling very happy,https://placekitten.com/112/210,2024-09-19 18:23:22,1,#happy #joy #feel,North Brendan,video,cynthiadavis,3665,1274,North Brendan,35-44,male,low
9699,2519,sbarker,It makes me sad,https://dummyimage.com/151x973,2024-04-28 10:46:20,1,#depression #stress #trauma,Hollandberg,video,sbarker,5533,563,Hollandberg,35-44,female,medium
4,6015,dwayne06,It makes me sad,https://dummyimage.com/525x444,2024-08-23 13:57:18,0,#depression #stress #trauma,Woodfort,video,dwayne06,179,2223,Woodfort,35-44,female,high
2560,5808,lauraswanson,Morning vibes,https://placekitten.com/653/67,2024-10-04 05:47:27,1,#morning #freshstart #sunrise,Weaverport,video,lauraswanson,8065,1793,Weaverport,45-54,female,low
1260,9020,kevinboyer,Workout motivation,https://picsum.photos/718/965,2024-02-17 04:35:57,1,#workout #fitness #motivation,New Jacobbury,image,kevinboyer,8393,2313,New Jacobbury,25-34,male,high
1694,5191,cody67,Feeling blessed,https://picsum.photos/648/45,2024-06-29 07:10:42,1,#blessed #grateful #thankful,Jonathanbury,video,cody67,7406,2216,Jonathanbury,45-54,female,low
3315,228,nmorris,Exploring the mountains,https://dummyimage.com/13x740,2024-09-12 06:50:04,0,#mountains #hiking #nature,New Stephanie,image,nmorris,9619,3392,New Stephanie,18-24,female,high
5622,7802,kaylaguzman,It makes me sad,https://dummyimage.com/40x673,2024-07-20 00:07:08,1,#depression #stress #trauma,Brandiville,image,kaylaguzman,7024,2945,Brandiville,18-24,male,medium
2140,5800,tracylarson,The sad fact is that he's lost his touch,https://picsum.photos/259/932,2024-09-15 19:49:19,0,#lost #touch #sad,Thomasport,image,tracylarson,3360,661,Thomasport,25-34,female,low
4300,6846,martinanna,Workout motivation,https://picsum.photos/275/766,2024-08-19 19:38:33,1,#workout #fitness #motivation,Cobbview,image,martinanna,3767,2543,Cobbview,35-44,male,low
9875,2280,sierrakelly,Family time,https://picsum.photos/454/735,2024-06-19 10:49:03,1,#family #love #qualitytime,New Abigailville,video,sierrakelly,9544,4714,New Abigailville,35-44,male,high
8336,483,summersryan,Exploring the mountains,https://picsum.photos/389/971,2024-08-27 13:37:54,0,#mountains #hiking #nature,Alicialand,image,summersryan,7046,1796,Alicialand,35-44,female,low
7580,3765,feliciaguzman,Hiking adventures,https://dummyimage.com/36x126,2024-06-07 18:29:14,1,#hiking #outdoors #adventure,New Judithside,video,feliciaguzman,9331,1168,New Judithside,18-24,female,low
9367,3010,khoward,Love this beach,https://placekitten.com/707/574,2024-06-29 05:38:23,1,#beach #ocean #sun,Paulmouth,image,khoward,3827,818,Paulmouth,35-44,male,medium
2886,4743,rmcknight,Sunset views,https://dummyimage.com/280x427,2024-03-24 21:39:19,0,#sunset #views #sky,East Karen,video,rmcknight,3985,3567,East Karen,25-34,male,low
1775,3047,higginsdebbie,A sad day for us all,https://picsum.photos/15/715,2024-07-07 00:54:47,1,#sad #day #all,Russellville,video,higginsdebbie,3757,625,Russellville,45-54,female,low
8972,7395,catherine83,Morning vibes,https://placekitten.com/290/563,2024-08-21 03:49:40,0,#morning #freshstart #sunrise,Gilbertside,video,catherine83,8427,3430,Gilbertside,45-54,male,low
9760,3629,palmerelizabeth,Weekend getaway,https://placekitten.com/305/814,2024-07-25 00:11:08,0,#weekend #travel #getaway,West Timothyland,image,palmerelizabeth,9729,2969,West Timothyland,18-24,male,medium
5513,5897,luissullivan,Beach day,https://picsum.photos/421/723,2024-08-27 05:49:26,1,#beach #sun #sand,Lake Christineside,image,luissullivan,1188,3574,Lake Christineside,25-34,male,low
3913,8816,qherman,Morning vibes,https://dummyimage.com/383x799,2024-01-30 06:28:44,0,#morning #freshstart #sunrise,East Meredithview,video,qherman,7115,2094,East Meredithview,45-54,male,low
9720,9020,kevinboyer,Feeling blessed,https://dummyimage.com/448x620,2024-03-04 06:31:34,1,#blessed #grateful #thankful,New Jacobbury,video,kevinboyer,8393,2313,New Jacobbury,25-34,male,high
5517,9284,elizabethpotts,Travel goals,https://placekitten.com/813/99,2024-07-26 06:37:51,0,#travel #adventure #explore,Wilkersonfort,video,elizabethpotts,6505,2570,Wilkersonfort,35-44,female,low
8287,4636,zlewis,Enjoying the sunset,https://placekitten.com/780/458,2024-03-08 17:09:57,0,#sunset #evening #nature,Lake Nancyfort,video,zlewis,9296,4040,Lake Nancyfort,18-24,male,low
2906,9284,elizabethpotts,Throwback to summer,https://dummyimage.com/956x114,2024-08-19 07:24:06,1,#summer #memories #throwback,Wilkersonfort,video,elizabethpotts,6505,2570,Wilkersonfort,35-44,female,low
2509,9509,thomaslarson,Throwback to summer,https://picsum.photos/1008/270,2024-08-27 23:28:57,0,#summer #memories #throwback,Jonesfort,video,thomaslarson,8896,4802,Jonesfort,18-24,male,high
5911,8350,john98,Coffee time,https://placekitten.com/919/433,2024-02-28 16:45:59,1,#coffee #morning #caffeine,West Edwardmouth,video,john98,9570,814,West Edwardmouth,18-24,male,low
6480,1609,deborahrussell,Sunset views,https://dummyimage.com/568x1023,2024-02-23 09:06:13,1,#sunset #views #sky,South Elizabeth,image,deborahrussell,3459,1000,South Elizabeth,18-24,male,medium
6802,1246,hillwilliam,Throwback to summer,https://dummyimage.com/745x549,2024-01-31 15:07:33,0,#summer #memories #throwback,North Jeffreychester,video,hillwilliam,1813,4701,North Jeffreychester,25-34,male,low
1352,3837,sheltonbenjamin,Road trip,https://dummyimage.com/51x143,2024-08-30 08:19:33,1,#roadtrip #adventure #travel,South Alexandriaville,image,sheltonbenjamin,1831,2395,South Alexandriaville,18-24,male,low
8997,3196,timothy89,Hiking adventures,https://picsum.photos/591/160,2024-09-29 03:40:58,0,#hiking #outdoors #adventure,New Tiffanyfurt,image,timothy89,3543,3569,New Tiffanyfurt,45-54,male,medium
5275,8771,chodges,Workout motivation,https://picsum.photos/249/549,2024-08-08 20:27:25,1,#workout #fitness #motivation,East Amy,image,chodges,1473,2319,East Amy,35-44,female,medium
9523,3629,palmerelizabeth,Exploring the mountains,https://picsum.photos/21/233,2024-09-27 23:32:29,1,#mountains #hiking #nature,West Timothyland,image,palmerelizabeth,9729,2969,West Timothyland,18-24,male,medium
8443,9967,valdezangela,"Sad to say, she never lived to see it",https://placekitten.com/549/649,2024-06-11 21:57:12,1,#lived #sad,Jacksonfort,image,valdezangela,5636,183,Jacksonfort,35-44,female,low
4291,9857,jessica75,Coffee time,https://placekitten.com/286/328,2024-01-10 07:12:21,0,#coffee #morning #caffeine,Lindsaychester,video,jessica75,3412,2299,Lindsaychester,18-24,female,medium
2830,8661,adamsjavier,Beach day,https://dummyimage.com/734x674,2024-06-24 01:22:32,0,#beach #sun #sand,Callahanshire,image,adamsjavier,1286,1397,Callahanshire,18-24,female,low
1215,2810,rstewart,Healthy living,https://dummyimage.com/7x343,2024-02-22 06:07:34,0,#healthyliving #fitness #wellness,North Cynthiafurt,video,rstewart,4390,672,North Cynthiafurt,18-24,male,low
3284,1246,hillwilliam,Throwback to summer,https://placekitten.com/902/504,2024-06-13 20:05:44,0,#summer #memories #throwback,North Jeffreychester,video,hillwilliam,1813,4701,North Jeffreychester,25-34,male,low
5280,6182,ufranklin,Workout motivation,https://picsum.photos/38/761,2024-08-08 05:06:38,1,#workout #fitness #motivation,Martinburgh,video,ufranklin,1446,4921,Martinburgh,45-54,male,high
5383,6971,gcabrera,Feeling blessed,https://picsum.photos/195/856,2024-08-14 09:20:11,1,#blessed #grateful #thankful,Sanchezton,video,gcabrera,2640,4904,Sanchezton,45-54,male,medium
3501,9509,thomaslarson,Travel goals,https://dummyimage.com/56x291,2024-01-03 16:44:02,0,#travel #adventure #explore,Jonesfort,video,thomaslarson,8896,4802,Jonesfort,18-24,male,high
8659,9302,nataliefields,Exploring the mountains,https://picsum.photos/6/930,2024-07-08 14:47:55,1,#mountains #hiking #nature,Mcdanielview,video,nataliefields,4261,3579,Mcdanielview,18-24,female,high
6074,9023,jacksoncameron,Chasing waterfalls,https://picsum.photos/102/396,2024-10-05 19:09:02,0,#waterfalls #nature #hiking,Mooreshire,video,jacksoncameron,3123,4261,Mooreshire,25-34,female,high
9539,7802,kaylaguzman,Road trip,https://placekitten.com/980/693,2024-07-22 15:12:36,0,#roadtrip #adventure #travel,Brandiville,video,kaylaguzman,7024,2945,Brandiville,18-24,male,medium
3505,9158,denise68,Hiking adventures,https://picsum.photos/239/803,2024-08-24 14:28:02,0,#hiking #outdoors #adventure,East Travis,video,denise68,4842,1523,East Travis,35-44,female,high
1478,7410,danestrada,Chasing waterfalls,https://picsum.photos/983/567,2024-01-11 16:09:49,1,#waterfalls #nature #hiking,South Maryland,video,danestrada,2085,2206,South Maryland,18-24,female,low
6634,7007,peggyrodriguez,Workout motivation,https://dummyimage.com/207x8,2024-08-18 10:46:15,0,#workout #fitness #motivation,West Alan,video,peggyrodriguez,1061,2942,West Alan,25-34,female,high
8150,5328,lturner,Love this beach,https://placekitten.com/961/339,2024-06-11 10:55:16,1,#beach #ocean #sun,West Michaelhaven,image,lturner,4957,3991,West Michaelhaven,25-34,male,low
7662,7341,ztucker,Family time,https://picsum.photos/164/327,2024-01-06 22:46:47,0,#family #love #qualitytime,Fowlerhaven,image,ztucker,8659,3778,Fowlerhaven,35-44,female,high
9030,9713,warias,"They looked at her with sad, anxious faces",https://picsum.photos/106/100,2024-08-14 02:14:02,1,#anxious #sad #faces,Danieltown,image,warias,6729,673,Danieltown,35-44,female,medium
6322,6744,caustin,Sunset views,https://dummyimage.com/622x1,2024-09-09 05:21:52,1,#sunset #views #sky,East Jessica,image,caustin,6111,3411,East Jessica,18-24,male,high
307,8816,qherman,Travel goals,https://picsum.photos/727/504,2024-05-13 10:11:30,1,#travel #adventure #explore,East Meredithview,video,qherman,7115,2094,East Meredithview,45-54,male,low
1079,3406,oanderson,Throwback to summer,https://placekitten.com/449/829,2024-02-18 01:45:34,1,#summer #memories #throwback,Shannonfurt,image,oanderson,6625,3971,Shannonfurt,18-24,female,medium
2392,8447,kathryn53,"Sad to say, she never lived to see it",https://dummyimage.com/802x165,2024-08-15 17:45:40,0,#lived #sad,Monicaborough,video,kathryn53,5614,516,Monicaborough,18-24,female,high
8024,579,hoffmantina,Beach day,https://placekitten.com/453/485,2024-03-25 23:15:46,1,#beach #sun #sand,Robertschester,image,hoffmantina,3774,245,Robertschester,45-54,male,low
7526,6744,caustin,I am feeling very sad,https://picsum.photos/548/246,2024-01-26 05:48:42,1,#sad #low #feel,East Jessica,image,caustin,6111,3411,East Jessica,18-24,male,high
9628,8447,kathryn53,The sad fact is that he's lost his touch,https://placekitten.com/943/232,2024-03-04 01:19:39,1,#lost #touch #sad,Monicaborough,image,kathryn53,5614,516,Monicaborough,18-24,female,high
2439,6275,jennifer29,I am feeling very happy,https://picsum.photos/0/546,2024-07-29 21:03:31,1,#happy #joy #feel,Brooksborough,video,jennifer29,6838,4609,Brooksborough,25-34,female,high
5990,8350,john98,Road trip,https://picsum.photos/403/661,2024-05-14 03:04:39,0,#roadtrip #adventure #travel,West Edwardmouth,video,john98,9570,814,West Edwardmouth,18-24,male,low
7356,9087,jrichardson,Road trip,https://picsum.photos/810/949,2024-02-03 23:24:47,0,#roadtrip #adventure #travel,Lake Mary,image,jrichardson,2026,1528,Lake Mary,25-34,female,low
510,9996,gutierrezkaren,Hiking adventures,https://dummyimage.com/734x400,2024-02-04 19:03:26,0,#hiking #outdoors #adventure,Susanland,image,gutierrezkaren,3680,2781,Susanland,18-24,female,low
2686,4743,rmcknight,The sad fact is that he's lost his touch,https://placekitten.com/508/890,2024-09-02 22:49:21,0,#lost #touch #sad,East Karen,video,rmcknight,3985,3567,East Karen,25-34,male,low
6272,8447,kathryn53,It makes me sad,https://dummyimage.com/430x243,2024-06-09 07:23:16,1,#depression #stress #trauma,Monicaborough,video,kathryn53,5614,516,Monicaborough,18-24,female,high
8345,483,summersryan,Hiking adventures,https://picsum.photos/322/879,2024-05-08 23:30:16,1,#hiking #outdoors #adventure,Alicialand,video,summersryan,7046,1796,Alicialand,35-44,female,low
4213,2922,robertspeter,Exploring the mountains,https://picsum.photos/37/160,2024-01-29 15:45:53,1,#mountains #hiking #nature,West Lori,image,robertspeter,6453,2853,West Lori,35-44,male,low
4246,1073,baldwinwalter,Enjoying the sunset,https://placekitten.com/235/761,2024-04-18 03:52:32,1,#sunset #evening #nature,West Philip,image,baldwinwalter,2575,1017,West Philip,45-54,female,low
1785,5808,lauraswanson,Morning vibes,https://picsum.photos/35/22,2024-09-20 18:41:44,1,#morning #freshstart #sunrise,Weaverport,image,lauraswanson,8065,1793,Weaverport,45-54,female,low
4014,483,summersryan,I am feeling very happy,https://picsum.photos/394/843,2024-01-15 03:47:13,1,#happy #joy #feel,Alicialand,image,summersryan,7046,1796,Alicialand,35-44,female,low
5504,6846,martinanna,It makes me sad,https://picsum.photos/145/590,2024-05-22 10:12:44,1,#depression #stress #trauma,Cobbview,video,martinanna,3767,2543,Cobbview,35-44,male,low
8071,511,williamfranklin,City lights,https://placekitten.com/893/273,2024-05-14 01:13:36,0,#city #nightlife #urban,Savannahmouth,video,williamfranklin,5319,3972,Savannahmouth,25-34,female,low
4131,5191,cody67,I am feeling very sad,https://dummyimage.com/562x788,2024-08-07 16:29:41,0,#sad #low #feel,Jonathanbury,video,cody67,7406,2216,Jonathanbury,45-54,female,low
7960,3837,sheltonbenjamin,Morning vibes,https://placekitten.com/228/169,2024-02-23 15:33:25,0,#morning #freshstart #sunrise,South Alexandriaville,image,sheltonbenjamin,1831,2395,South Alexandriaville,18-24,male,low
3590,1609,deborahrussell,Family time,https://dummyimage.com/1009x902,2024-06-05 09:03:22,1,#family #love #qualitytime,South Elizabeth,image,deborahrussell,3459,1000,South Elizabeth,18-24,male,medium
1394,7395,catherine83,Hiking adventures,https://dummyimage.com/537x612,2024-03-27 22:55:56,1,#hiking #outdoors #adventure,Gilbertside,video,catherine83,8427,3430,Gilbertside,45-54,male,low
360,9537,younghenry,Travel goals,https://picsum.photos/363/113,2024-08-03 13:24:58,0,#travel #adventure #explore,South Angela,video,younghenry,4127,4184,South Angela,25-34,female,high
3828,5800,tracylarson,Road trip,https://dummyimage.com/37x219,2024-04-11 03:18:16,0,#roadtrip #adventure #travel,Thomasport,image,tracylarson,3360,661,Thomasport,25-34,female,low
2806,4636,zlewis,Road trip,https://placekitten.com/597/1017,2024-01-24 19:41:22,1,#roadtrip #adventure #travel,Lake Nancyfort,video,zlewis,9296,4040,Lake Nancyfort,18-24,male,low
7612,1509,tararodriguez,Exploring the mountains,https://picsum.photos/788/564,2024-05-16 14:56:41,1,#mountains #hiking #nature,Gregoryborough,video,tararodriguez,4573,4450,Gregoryborough,25-34,male,medium
3183,5800,tracylarson,Coffee time,https://placekitten.com/737/324,2024-01-16 13:21:11,1,#coffee #morning #caffeine,Thomasport,image,tracylarson,3360,661,Thomasport,25-34,female,low
9782,6182,ufranklin,Healthy living,https://picsum.photos/539/144,2024-05-21 23:57:14,0,#healthyliving #fitness #wellness,Martinburgh,video,ufranklin,1446,4921,Martinburgh,45-54,male,high
6152,9158,denise68,Love this beach,https://picsum.photos/119/40,2024-05-04 08:49:05,1,#beach #ocean #sun,East Travis,image,denise68,4842,1523,East Travis,35-44,female,high
5995,9020,kevinboyer,Weekend getaway,https://dummyimage.com/713x227,2024-04-27 03:32:44,1,#weekend #travel #getaway,New Jacobbury,video,kevinboyer,8393,2313,New Jacobbury,25-34,male,high
3392,6971,gcabrera,Sunset views,https://dummyimage.com/469x853,2024-04-10 05:09:40,0,#sunset #views #sky,Sanchezton,image,gcabrera,2640,4904,Sanchezton,45-54,male,medium
6500,7395,catherine83,I am feeling very happy,https://dummyimage.com/291x207,2024-03-29 01:01:47,0,#happy #joy #feel,Gilbertside,video,catherine83,8427,3430,Gilbertside,45-54,male,low
4031,2669,wsmith,Enjoying the sunset,https://dummyimage.com/889x890,2024-03-25 07:02:17,0,#sunset #evening #nature,Johnsonfort,video,wsmith,4007,4214,Johnsonfort,35-44,female,high
84,3864,veronica23,Family time,https://placekitten.com/267/653,2024-06-18 06:18:43,1,#family #love #qualitytime,South Rebeccaport,image,veronica23,1311,2406,South Rebeccaport,18-24,male,high
3752,9158,denise68,Healthy breakfast,https://dummyimage.com/764x204,2024-05-11 20:47:54,1,#breakfast #healthy #food,East Travis,video,denise68,4842,1523,East Travis,35-44,female,high
5147,2922,robertspeter,Dinner with friends,https://dummyimage.com/244x753,2024-05-08 13:22:37,1,#dinner #friends #goodtimes,West Lori,video,robertspeter,6453,2853,West Lori,35-44,male,low
5071,7007,peggyrodriguez,City lights,https://placekitten.com/310/989,2024-03-09 19:44:57,0,#city #nightlife #urban,West Alan,video,peggyrodriguez,1061,2942,West Alan,25-34,female,high
3533,5618,heather99,Sunset views,https://dummyimage.com/672x138,2024-06-25 04:15:34,0,#sunset #views #sky,Lake Joshuatown,video,heather99,4128,4772,Lake Joshuatown,35-44,female,medium
6623,5516,rhenry,Exploring the mountains,https://picsum.photos/266/743,2024-06-22 00:08:34,1,#mountains #hiking #nature,New Kimberlyview,video,rhenry,4402,512,New Kimberlyview,35-44,male,high
6607,6398,adamsricky,Beach day,https://picsum.photos/838/499,2024-01-29 03:23:18,0,#beach #sun #sand,Lake Erichaven,video,adamsricky,3058,302,Lake Erichaven,18-24,male,medium
5057,7341,ztucker,"Sad to say, she never lived to see it",https://dummyimage.com/644x399,2024-08-02 21:19:16,0,#lived #sad,Fowlerhaven,video,ztucker,8659,3778,Fowlerhaven,35-44,female,high
2565,9023,jacksoncameron,Workout motivation,https://dummyimage.com/731x704,2024-04-03 16:11:00,0,#workout #fitness #motivation,Mooreshire,video,jacksoncameron,3123,4261,Mooreshire,25-34,female,high
9512,6846,martinanna,Coffee time,https://placekitten.com/360/840,2024-07-22 12:04:01,1,#coffee #morning #caffeine,Cobbview,image,martinanna,3767,2543,Cobbview,35-44,male,low
1429,6241,rsmith,Exploring the mountains,https://placekitten.com/940/421,2024-05-30 16:28:10,0,#mountains #hiking #nature,Timothyton,video,rsmith,8882,4041,Timothyton,18-24,female,medium
4062,1807,garciatracy,Hiking adventures,https://dummyimage.com/609x51,2024-05-30 02:02:08,1,#hiking #outdoors #adventure,Sheilafort,video,garciatracy,3103,3836,Sheilafort,35-44,female,low
6419,579,hoffmantina,Chasing waterfalls,https://placekitten.com/820/832,2024-05-07 17:46:05,0,#waterfalls #nature #hiking,Robertschester,image,hoffmantina,3774,245,Robertschester,45-54,male,low
4445,7154,sean83,"They looked at her with sad, anxious faces",https://picsum.photos/339/653,2024-07-24 09:19:39,0,#anxious #sad #faces,Farrellborough,video,sean83,9262,2683,Farrellborough,45-54,female,low
3448,1609,deborahrussell,Hiking adventures,https://dummyimage.com/786x78,2024-09-01 13:44:28,0,#hiking #outdoors #adventure,South Elizabeth,image,deborahrussell,3459,1000,South Elizabeth,18-24,male,medium
5755,3047,higginsdebbie,I am feeling very sad,https://placekitten.com/182/238,2024-04-17 14:05:19,0,#sad #low #feel,Russellville,video,higginsdebbie,3757,625,Russellville,45-54,female,low
991,2922,robertspeter,Road trip,https://placekitten.com/944/538,2024-05-04 08:44:31,0,#roadtrip #adventure #travel,West Lori,image,robertspeter,6453,2853,West Lori,35-44,male,low
4038,8816,qherman,Feeling blessed,https://dummyimage.com/316x896,2024-08-07 11:28:06,1,#blessed #grateful #thankful,East Meredithview,video,qherman,7115,2094,East Meredithview,45-54,male,low
7216,2915,bridget49,Sunset views,https://placekitten.com/418/161,2024-09-10 04:02:27,0,#sunset #views #sky,Patelview,video,bridget49,5258,4220,Patelview,35-44,female,low
4622,9713,warias,Hiking adventures,https://picsum.photos/711/626,2024-02-03 18:14:17,1,#hiking #outdoors #adventure,Danieltown,video,warias,6729,673,Danieltown,35-44,female,medium
7442,1977,tsimmons,The sad fact is that he's lost his touch,https://placekitten.com/460/630,2024-05-20 07:59:15,0,#lost #touch #sad,Port Louisshire,image,tsimmons,8388,1649,Port Louisshire,18-24,male,high
1860,6847,justinjones,Love this beach,https://placekitten.com/225/305,2024-03-30 04:36:03,1,#beach #ocean #sun,North Erin,image,justinjones,5893,4876,North Erin,45-54,male,high
6760,3629,palmerelizabeth,Beach day,https://picsum.photos/102/182,2024-04-04 22:27:19,1,#beach #sun #sand,West Timothyland,video,palmerelizabeth,9729,2969,West Timothyland,18-24,male,medium
8938,5808,lauraswanson,Chasing waterfalls,https://picsum.photos/28/635,2024-08-31 02:07:09,1,#waterfalls #nature #hiking,Weaverport,image,lauraswanson,8065,1793,Weaverport,45-54,female,low
1248,8447,kathryn53,Dinner with friends,https://placekitten.com/304/467,2024-06-06 19:25:42,1,#dinner #friends #goodtimes,Monicaborough,video,kathryn53,5614,516,Monicaborough,18-24,female,high
5631,6744,caustin,Family time,https://dummyimage.com/11x62,2024-08-01 09:09:54,1,#family #love #qualitytime,East Jessica,image,caustin,6111,3411,East Jessica,18-24,male,high
7093,6694,cynthiadavis,Dinner with friends,https://placekitten.com/865/839,2024-05-10 12:32:39,1,#dinner #friends #goodtimes,North Brendan,image,cynthiadavis,3665,1274,North Brendan,35-44,male,low
6772,1235,blarson,Exploring the mountains,https://placekitten.com/524/950,2024-06-17 09:59:35,0,#mountains #hiking #nature,West Charlestown,image,blarson,9728,4240,West Charlestown,18-24,male,medium
6578,7410,danestrada,Morning vibes,https://dummyimage.com/618x904,2024-05-28 07:48:00,1,#morning #freshstart #sunrise,South Maryland,video,danestrada,2085,2206,South Maryland,18-24,female,low
3074,4449,hunterjaime,Feeling blessed,https://placekitten.com/531/804,2024-06-24 05:43:57,0,#blessed #grateful #thankful,Sierraville,video,hunterjaime,688,382,Sierraville,25-34,male,medium
2449,3047,higginsdebbie,"Sad to say, she never lived to see it",https://placekitten.com/490/640,2024-05-16 02:21:08,1,#lived #sad,Russellville,image,higginsdebbie,3757,625,Russellville,45-54,female,low
7804,6664,robert48,Dinner with friends,https://placekitten.com/896/225,2024-07-03 02:31:23,0,#dinner #friends #goodtimes,Morrisonfurt,image,robert48,3348,2202,Morrisonfurt,25-34,female,low
9364,2915,bridget49,Morning vibes,https://placekitten.com/493/953,2024-01-02 22:37:46,1,#morning #freshstart #sunrise,Patelview,video,bridget49,5258,4220,Patelview,35-44,female,low
8164,6846,martinanna,Dinner with friends,https://placekitten.com/732/131,2024-05-14 18:56:59,1,#dinner #friends #goodtimes,Cobbview,video,martinanna,3767,2543,Cobbview,35-44,male,low
2757,1609,deborahrussell,Travel goals,https://placekitten.com/537/875,2024-02-17 17:16:16,1,#travel #adventure #explore,South Elizabeth,video,deborahrussell,3459,1000,South Elizabeth,18-24,male,medium
8593,228,nmorris,It makes me sad,https://dummyimage.com/948x881,2024-05-26 08:11:02,0,#depression #stress #trauma,New Stephanie,video,nmorris,9619,3392,New Stephanie,18-24,female,high
4968,9023,jacksoncameron,Beach day,https://picsum.photos/953/599,2024-10-05 18:44:23,0,#beach #sun #sand,Mooreshire,video,jacksoncameron,3123,4261,Mooreshire,25-34,female,high
4786,4636,zlewis,Family time,https://picsum.photos/928/217,2024-07-07 11:03:19,0,#family #love #qualitytime,Lake Nancyfort,image,zlewis,9296,4040,Lake Nancyfort,18-24,male,low
8790,5516,rhenry,Love this beach,https://dummyimage.com/106x926,2024-07-07 13:42:10,1,#beach #ocean #sun,New Kimberlyview,image,rhenry,4402,512,New Kimberlyview,35-44,male,high
9931,8447,kathryn53,Road trip,https://picsum.photos/933/273,2024-06-04 15:40:53,1,#roadtrip #adventure #travel,Monicaborough,video,kathryn53,5614,516,Monicaborough,18-24,female,high
2654,1609,deborahrussell,Travel goals,https://picsum.photos/119/1016,2024-03-15 14:53:58,1,#travel #adventure #explore,South Elizabeth,image,deborahrussell,3459,1000,South Elizabeth,18-24,male,medium
2179,6015,dwayne06,Road trip,https://dummyimage.com/173x402,2024-08-16 03:33:00,0,#roadtrip #adventure #travel,Woodfort,video,dwayne06,179,2223,Woodfort,35-44,female,high
6601,2690,balltimothy,Road trip,https://picsum.photos/58/457,2024-05-09 01:50:22,0,#roadtrip #adventure #travel,South Jeffrey,image,balltimothy,1392,3375,South Jeffrey,25-34,male,low
8435,1246,hillwilliam,A sad day for us all,https://dummyimage.com/5x16,2024-04-09 05:14:23,0,#sad #day #all,North Jeffreychester,video,hillwilliam,1813,4701,North Jeffreychester,25-34,male,low
4716,6015,dwayne06,Healthy living,https://picsum.photos/919/570,2024-09-23 14:03:40,1,#healthyliving #fitness #wellness,Woodfort,image,dwayne06,179,2223,Woodfort,35-44,female,high
871,511,williamfranklin,Hiking adventures,https://dummyimage.com/782x878,2024-07-20 19:39:06,0,#hiking #outdoors #adventure,Savannahmouth,video,williamfranklin,5319,3972,Savannahmouth,25-34,female,low
2960,7074,ebrown,"They looked at her with sad, anxious faces",https://placekitten.com/771/637,2024-10-06 11:29:35,0,#anxious #sad #faces,East Daniel,image,ebrown,6372,4543,East Daniel,18-24,male,high
8248,2690,balltimothy,Beach day,https://placekitten.com/941/889,2024-09-08 12:54:48,0,#beach #sun #sand,South Jeffrey,image,balltimothy,1392,3375,South Jeffrey,25-34,male,low
258,2690,balltimothy,Road trip,https://picsum.photos/5/534,2024-01-10 15:05:46,1,#roadtrip #adventure #travel,South Jeffrey,video,balltimothy,1392,3375,South Jeffrey,25-34,male,low
9845,4985,dhill,"They looked at her with sad, anxious faces",https://dummyimage.com/699x73,2024-04-27 18:12:13,1,#anxious #sad #faces,Anneside,video,dhill,3912,1504,Anneside,25-34,female,high
7173,9023,jacksoncameron,Workout motivation,https://placekitten.com/166/598,2024-02-18 11:39:04,0,#workout #fitness #motivation,Mooreshire,image,jacksoncameron,3123,4261,Mooreshire,25-34,female,high
2694,3017,georgejacobson,Weekend getaway,https://placekitten.com/170/437,2024-10-02 14:23:55,1,#weekend #travel #getaway,Taylorland,image,georgejacobson,1030,1977,Taylorland,18-24,female,low
8509,2231,colethomas,Travel goals,https://dummyimage.com/255x396,2024-09-23 00:11:51,0,#travel #adventure #explore,North Christopherberg,image,colethomas,6903,4276,North Christopherberg,35-44,male,medium
9056,8786,michael08,The sad fact is that he's lost his touch,https://picsum.photos/188/297,2024-01-09 19:41:40,1,#lost #touch #sad,South Melissa,image,michael08,6001,310,South Melissa,18-24,male,medium
9585,2669,wsmith,Exploring the mountains,https://dummyimage.com/148x102,2024-01-09 08:06:38,1,#mountains #hiking #nature,Johnsonfort,image,wsmith,4007,4214,Johnsonfort,35-44,female,high
1225,2280,sierrakelly,Weekend getaway,https://picsum.photos/477/95,2024-01-02 13:57:33,1,#weekend #travel #getaway,New Abigailville,video,sierrakelly,9544,4714,New Abigailville,35-44,male,high
556,6744,caustin,A sad day for us all,https://placekitten.com/686/187,2024-04-20 01:40:55,0,#sad #day #all,East Jessica,video,caustin,6111,3411,East Jessica,18-24,male,high
1286,9857,jessica75,Morning vibes,https://picsum.photos/741/96,2024-10-08 06:20:30,0,#morning #freshstart #sunrise,Lindsaychester,image,jessica75,3412,2299,Lindsaychester,18-24,female,medium
1729,5328,lturner,Weekend getaway,https://dummyimage.com/70x880,2024-07-29 07:01:19,0,#weekend #travel #getaway,West Michaelhaven,video,lturner,4957,3991,West Michaelhaven,25-34,male,low
745,9524,millerwilliam,Travel goals,https://placekitten.com/1003/133,2024-08-12 07:45:38,0,#travel #adventure #explore,South Kellyside,image,millerwilliam,555,4510,South Kellyside,45-54,male,high
8574,7802,kaylaguzman,Weekend getaway,https://dummyimage.com/814x937,2024-07-20 00:58:43,1,#weekend #travel #getaway,Brandiville,image,kaylaguzman,7024,2945,Brandiville,18-24,male,medium
6056,6971,gcabrera,Enjoying the sunset,https://placekitten.com/386/466,2024-09-08 04:57:49,1,#sunset #evening #nature,Sanchezton,image,gcabrera,2640,4904,Sanchezton,45-54,male,medium
533,6398,adamsricky,It makes me sad,https://picsum.photos/239/163,2024-01-16 05:03:48,1,#depression #stress #trauma,Lake Erichaven,image,adamsricky,3058,302,Lake Erichaven,18-24,male,medium
8215,6846,martinanna,"Sad to say, she never lived to see it",https://dummyimage.com/121x756,2024-04-24 02:36:11,0,#lived #sad,Cobbview,image,martinanna,3767,2543,Cobbview,35-44,male,low
1850,7802,kaylaguzman,Exploring the mountains,https://placekitten.com/893/924,2024-05-31 20:57:44,1,#mountains #hiking #nature,Brandiville,image,kaylaguzman,7024,2945,Brandiville,18-24,male,medium
9646,4985,dhill,Chasing waterfalls,https://placekitten.com/458/831,2024-01-22 01:52:44,0,#waterfalls #nature #hiking,Anneside,video,dhill,3912,1504,Anneside,25-34,female,high
7597,7154,sean83,I am feeling very sad,https://picsum.photos/669/990,2024-07-29 04:01:16,1,#sad #low #feel,Farrellborough,image,sean83,9262,2683,Farrellborough,45-54,female,low
3507,2669,wsmith,Coffee time,https://placekitten.com/570/574,2024-05-05 03:39:22,1,#coffee #morning #caffeine,Johnsonfort,image,wsmith,4007,4214,Johnsonfort,35-44,female,high
4143,6744,caustin,I am feeling very sad,https://placekitten.com/522/695,2024-08-11 06:55:21,0,#sad #low #feel,East Jessica,image,caustin,6111,3411,East Jessica,18-24,male,high
5011,8481,shelby00,Travel goals,https://placekitten.com/1022/936,2024-01-06 16:39:56,1,#travel #adventure #explore,Hendersonland,video,shelby00,3758,2073,Hendersonland,35-44,female,low
607,6241,rsmith,Dinner with friends,https://picsum.photos/251/227,2024-02-28 11:06:54,1,#dinner #friends #goodtimes,Timothyton,image,rsmith,8882,4041,Timothyton,18-24,female,medium
1978,1073,baldwinwalter,Morning vibes,https://dummyimage.com/709x935,2024-09-11 04:51:37,0,#morning #freshstart #sunrise,West Philip,video,baldwinwalter,2575,1017,West Philip,45-54,female,low
8351,7253,christopher79,Coffee time,https://placekitten.com/750/64,2024-02-13 02:49:22,1,#coffee #morning #caffeine,East Colemouth,video,christopher79,3552,3132,East Colemouth,25-34,male,low
8494,9302,nataliefields,Healthy living,https://dummyimage.com/987x374,2024-01-10 13:33:52,0,#healthyliving #fitness #wellness,Mcdanielview,video,nataliefields,4261,3579,Mcdanielview,18-24,female,high
2107,1246,hillwilliam,"They looked at her with sad, anxious faces",https://picsum.photos/105/62,2024-05-30 23:59:59,0,#anxious #sad #faces,North Jeffreychester,video,hillwilliam,1813,4701,North Jeffreychester,25-34,male,low
565,8481,shelby00,Dinner with friends,https://dummyimage.com/440x97,2024-08-20 19:40:10,1,#dinner #friends #goodtimes,Hendersonland,video,shelby00,3758,2073,Hendersonland,35-44,female,low
328,6744,caustin,"Sad to say, she never lived to see it",https://picsum.photos/220/745,2024-05-19 22:07:43,0,#lived #sad,East Jessica,video,caustin,6111,3411,East Jessica,18-24,male,high
1148,4985,dhill,Hiking adventures,https://dummyimage.com/202x41,2024-04-03 21:02:58,1,#hiking #outdoors #adventure,Anneside,video,dhill,3912,1504,Anneside,25-34,female,high
2791,5524,angelaroman,Workout motivation,https://dummyimage.com/529x377,2024-03-20 08:06:05,1,#workout #fitness #motivation,East Diane,image,angelaroman,5698,3878,East Diane,35-44,female,medium
1464,7410,danestrada,City lights,https://placekitten.com/815/314,2024-06-08 04:14:18,0,#city #nightlife #urban,South Maryland,image,danestrada,2085,2206,South Maryland,18-24,female,low
9375,6398,adamsricky,Coffee time,https://picsum.photos/365/300,2024-09-29 20:08:47,1,#coffee #morning #caffeine,Lake Erichaven,video,adamsricky,3058,302,Lake Erichaven,18-24,male,medium
6959,5618,heather99,Chasing waterfalls,https://picsum.photos/606/964,2024-07-25 10:22:44,0,#waterfalls #nature #hiking,Lake Joshuatown,image,heather99,4128,4772,Lake Joshuatown,35-44,female,medium
273,2231,colethomas,Travel goals,https://placekitten.com/850/732,2024-03-30 03:02:47,0,#travel #adventure #explore,North Christopherberg,video,colethomas,6903,4276,North Christopherberg,35-44,male,medium
7645,2231,colethomas,Feeling blessed,https://picsum.photos/494/714,2024-09-12 18:52:01,0,#blessed #grateful #thankful,North Christopherberg,video,colethomas,6903,4276,North Christopherberg,35-44,male,medium
6896,483,summersryan,Beach day,https://placekitten.com/187/1004,2024-05-04 13:24:18,0,#beach #sun #sand,Alicialand,image,summersryan,7046,1796,Alicialand,35-44,female,low
1194,5618,heather99,A sad day for us all,https://dummyimage.com/908x416,2024-05-20 07:29:24,0,#sad #day #all,Lake Joshuatown,video,heather99,4128,4772,Lake Joshuatown,35-44,female,medium
727,3652,bennettlarry,Travel goals,https://placekitten.com/410/661,2024-05-19 01:32:22,1,#travel #adventure #explore,Robertmouth,video,bennettlarry,3731,1016,Robertmouth,45-54,male,medium
3978,1073,baldwinwalter,I am feeling very sad,https://dummyimage.com/422x688,2024-01-18 10:48:11,1,#sad #low #feel,West Philip,image,baldwinwalter,2575,1017,West Philip,45-54,female,low
7082,9284,elizabethpotts,Beach day,https://placekitten.com/855/812,2024-08-15 01:43:33,1,#beach #sun #sand,Wilkersonfort,image,elizabethpotts,6505,2570,Wilkersonfort,35-44,female,low
6897,6846,martinanna,Family time,https://placekitten.com/258/35,2024-04-04 20:45:01,1,#family #love #qualitytime,Cobbview,image,martinanna,3767,2543,Cobbview,35-44,male,low
1192,9020,kevinboyer,The sad fact is that he's lost his touch,https://picsum.photos/491/792,2024-01-28 08:09:13,1,#lost #touch #sad,New Jacobbury,image,kevinboyer,8393,2313,New Jacobbury,25-34,male,high
5714,2231,colethomas,Weekend getaway,https://picsum.photos/908/220,2024-05-17 05:11:47,0,#weekend #travel #getaway,North Christopherberg,image,colethomas,6903,4276,North Christopherberg,35-44,male,medium
5101,9087,jrichardson,Sunset views,https://dummyimage.com/191x705,2024-01-25 15:45:12,1,#sunset #views #sky,Lake Mary,video,jrichardson,2026,1528,Lake Mary,25-34,female,low
8868,2374,donna23,Feeling blessed,https://picsum.photos/351/333,2024-07-26 10:46:08,0,#blessed #grateful #thankful,South Thomas,image,donna23,3218,4680,South Thomas,18-24,male,medium
4760,1734,yfigueroa,It makes me sad,https://placekitten.com/894/787,2024-08-21 18:38:48,1,#depression #stress #trauma,Karenville,image,yfigueroa,4475,3743,Karenville,18-24,male,high
8005,483,summersryan,Travel goals,https://dummyimage.com/258x234,2024-03-11 07:26:30,1,#travel #adventure #explore,Alicialand,video,summersryan,7046,1796,Alicialand,35-44,female,low
6141,4743,rmcknight,Road trip,https://dummyimage.com/349x772,2024-06-12 05:41:39,1,#roadtrip #adventure #travel,East Karen,video,rmcknight,3985,3567,East Karen,25-34,male,low
6014,7074,ebrown,Morning vibes,https://picsum.photos/959/152,2024-07-12 07:22:43,0,#morning #freshstart #sunrise,East Daniel,image,ebrown,6372,4543,East Daniel,18-24,male,high
3622,2519,sbarker,Healthy breakfast,https://dummyimage.com/713x4,2024-09-13 07:07:11,1,#breakfast #healthy #food,Hollandberg,image,sbarker,5533,563,Hollandberg,35-44,female,medium
6906,3406,oanderson,Throwback to summer,https://dummyimage.com/726x499,2024-07-17 14:45:59,1,#summer #memories #throwback,Shannonfurt,image,oanderson,6625,3971,Shannonfurt,18-24,female,medium
3713,3765,feliciaguzman,Travel goals,https://picsum.photos/729/1014,2024-04-24 00:47:54,1,#travel #adventure #explore,New Judithside,video,feliciaguzman,9331,1168,New Judithside,18-24,female,low
7875,6971,gcabrera,Coffee time,https://picsum.photos/291/381,2024-09-08 15:23:44,0,#coffee #morning #caffeine,Sanchezton,video,gcabrera,2640,4904,Sanchezton,45-54,male,medium
9117,7395,catherine83,Dinner with friends,https://placekitten.com/995/165,2024-03-06 12:14:56,1,#dinner #friends #goodtimes,Gilbertside,video,catherine83,8427,3430,Gilbertside,45-54,male,low
4486,5808,lauraswanson,"They looked at her with sad, anxious faces",https://placekitten.com/628/96,2024-02-17 15:19:20,1,#anxious #sad #faces,Weaverport,video,lauraswanson,8065,1793,Weaverport,45-54,female,low
5465,7154,sean83,Weekend getaway,https://placekitten.com/43/607,2024-01-26 21:54:40,0,#weekend #travel #getaway,Farrellborough,video,sean83,9262,2683,Farrellborough,45-54,female,low
1122,3957,wglenn,Sunset views,https://picsum.photos/870/944,2024-02-19 23:26:37,0,#sunset #views #sky,West Tinafort,video,wglenn,8717,2301,West Tinafort,18-24,male,low
1011,8771,chodges,Throwback to summer,https://dummyimage.com/763x879,2024-05-14 05:54:27,0,#summer #memories #throwback,East Amy,image,chodges,1473,2319,East Amy,35-44,female,medium
8487,6694,cynthiadavis,Throwback to summer,https://placekitten.com/857/550,2024-03-19 11:42:32,1,#summer #memories #throwback,North Brendan,image,cynthiadavis,3665,1274,North Brendan,35-44,male,low
7237,9537,younghenry,Weekend getaway,https://dummyimage.com/93x193,2024-07-05 13:02:03,0,#weekend #travel #getaway,South Angela,video,younghenry,4127,4184,South Angela,25-34,female,high
5120,6994,gilbertjohnson,Beach day,https://placekitten.com/898/166,2024-05-14 22:07:21,1,#beach #sun #sand,West Bonnie,image,gilbertjohnson,2776,3757,West Bonnie,18-24,male,high
7647,6664,robert48,Coffee time,https://picsum.photos/271/122,2024-08-31 17:31:51,1,#coffee #morning #caffeine,Morrisonfurt,image,robert48,3348,2202,Morrisonfurt,25-34,female,low
3607,3957,wglenn,Sunset views,https://placekitten.com/995/384,2024-09-14 15:45:55,0,#sunset #views #sky,West Tinafort,video,wglenn,8717,2301,West Tinafort,18-24,male,low
4016,3484,steven86,Coffee time,https://dummyimage.com/636x334,2024-02-11 10:15:47,0,#coffee #morning #caffeine,Ramosshire,video,steven86,4693,1586,Ramosshire,25-34,male,medium
1081,5808,lauraswanson,"Sad to say, she never lived to see it",https://dummyimage.com/183x107,2024-05-03 15:22:27,1,#lived #sad,Weaverport,video,lauraswanson,8065,1793,Weaverport,45-54,female,low
3831,6275,jennifer29,Weekend getaway,https://picsum.photos/238/1007,2024-06-02 05:01:51,1,#weekend #travel #getaway,Brooksborough,video,jennifer29,6838,4609,Brooksborough,25-34,female,high
7448,1246,hillwilliam,Throwback to summer,https://picsum.photos/274/515,2024-07-08 16:58:11,1,#summer #memories #throwback,North Jeffreychester,video,hillwilliam,1813,4701,North Jeffreychester,25-34,male,low
1220,5800,tracylarson,Throwback to summer,https://picsum.photos/70/968,2024-01-03 15:10:26,1,#summer #memories #throwback,Thomasport,image,tracylarson,3360,661,Thomasport,25-34,female,low
7382,7395,catherine83,I am feeling very sad,https://dummyimage.com/271x760,2024-02-22 07:06:07,1,#sad #low #feel,Gilbertside,video,catherine83,8427,3430,Gilbertside,45-54,male,low
1964,6694,cynthiadavis,City lights,https://placekitten.com/108/226,2024-03-08 17:37:26,1,#city #nightlife #urban,North Brendan,image,cynthiadavis,3665,1274,North Brendan,35-44,male,low
1049,1734,yfigueroa,Feeling blessed,https://dummyimage.com/931x767,2024-01-29 20:11:59,1,#blessed #grateful #thankful,Karenville,image,yfigueroa,4475,3743,Karenville,18-24,male,high
