post_id,user_id,caption,hashtags,likes,comments,share,timestamp
1,2,Healthy breakfast,#healthy,542,24,89,2024-01-01 00:00:00
2,2,Throwback to summer,#summer,595,25,106,2024-01-01 01:00:00
3,14,Road trip,#roadtrip,676,21,102,2024-01-01 02:00:00
4,17,Exploring the mountains,#hiking,460,47,89,2024-01-01 03:00:00
5,9,Family time,#qualitytime,360,31,33,2024-01-01 04:00:00
6,19,Healthy living,#healthyliving,483,34,59,2024-01-01 05:00:00
7,11,I am feeling very happy,#feel,237,23,36,2024-01-01 06:00:00
8,6,Travel goals,#adventure,462,28,44,2024-01-01 07:00:00
9,9,Road trip,#roadtrip,296,34,30,2024-01-01 08:00:00
10,12,Hiking adventures,#adventure,211,30,29,2024-01-01 09:00:00
11,7,City lights,#nightlife,476,53,68,2024-01-01 10:00:00
12,4,Morning vibes,#sunrise,444,41,25,2024-01-01 11:00:00
13,1,Beach day,#sand,728,58,131,2024-01-01 12:00:00
14,9,Feeling blessed,#blessed,407,29,69,2024-01-01 13:00:00
15,4,Travel goals,#explore,486,44,90,2024-01-01 14:00:00
16,10,Travel goals,#adventure,252,20,48,2024-01-01 15:00:00
17,18,a sad day for us all,#sad,323,25,20,2024-01-01 16:00:00
18,2,Feeling blessed,#grateful,476,31,41,2024-01-01 17:00:00
19,8,Healthy breakfast,#food,688,61,83,2024-01-01 18:00:00
20,19,Sunset views,#sunset,881,58,87,2024-01-01 19:00:00
21,14,Beach day,#sun,1124,35,75,2024-01-01 20:00:00
22,14,Workout motivation,#fitness,855,32,64,2024-01-01 21:00:00
23,17,Throwback to summer,#summer,750,76,123,2024-01-01 22:00:00
24,4,Weekend getaway,#getaway,669,65,65,2024-01-01 23:00:00
25,4,Road trip,#travel,538,47,80,2024-01-02 00:00:00
26,3,"sad to say, she never lived to see it",#lived,196,8,35,2024-01-02 01:00:00
27,2,it makes me sad,#trauma,417,33,77,2024-01-02 02:00:00
28,4,I am feeling very happy,#joy,497,51,55,2024-01-02 03:00:00
29,6,Beach day,#sun,551,29,28,2024-01-02 04:00:00
30,2,Morning vibes,#morning,517,26,40,2024-01-02 05:00:00
31,3,"they looked at her with sad, anxious faces",#faces,172,10,19,2024-01-02 06:00:00
32,15,I am feeling very sad,#low,338,12,57,2024-01-02 07:00:00
33,8,Exploring the mountains,#mountains,475,42,58,2024-01-02 08:00:00
34,18,Coffee time,#caffeine,395,34,59,2024-01-02 09:00:00
35,19,"they looked at her with sad, anxious faces",#sad,509,38,59,2024-01-02 10:00:00
36,6,Enjoying the sunset,#nature,770,42,148,2024-01-02 11:00:00
37,15,the sad fact is that he's lost his touch,#touch,252,13,34,2024-01-02 12:00:00
38,12,Travel goals,#adventure,273,39,41,2024-01-02 13:00:00
39,20,a sad day for us all,#all,637,14,61,2024-01-02 14:00:00
40,11,Healthy living,#wellness,311,21,59,2024-01-02 15:00:00
41,16,Hiking adventures,#adventure,578,53,63,2024-01-02 16:00:00
42,13,I am feeling very sad,#feel,877,16,64,2024-01-02 17:00:00
43,18,Coffee time,#caffeine,555,49,34,2024-01-02 18:00:00
44,13,the sad fact is that he's lost his touch,#sad,1294,26,87,2024-01-02 19:00:00
45,16,Family time,#family,826,70,144,2024-01-02 20:00:00
46,13,Morning vibes,#freshstart,953,25,90,2024-01-02 21:00:00
47,5,I am feeling very sad,#feel,785,22,141,2024-01-02 22:00:00
48,17,Coffee time,#caffeine,861,71,45,2024-01-02 23:00:00
49,6,I am feeling very happy,#joy,470,30,55,2024-01-03 00:00:00
50,4,Travel goals,#travel,546,49,38,2024-01-03 01:00:00
51,15,Healthy living,#healthyliving,253,13,48,2024-01-03 02:00:00
52,4,Chasing waterfalls,#nature,525,48,81,2024-01-03 03:00:00
53,10,Love this beach,#sun,193,17,32,2024-01-03 04:00:00
54,15,I am feeling very sad,#feel,280,12,22,2024-01-03 05:00:00
55,3,Love this beach,#sun,208,11,16,2024-01-03 06:00:00
56,17,a sad day for us all,#day,519,53,93,2024-01-03 07:00:00
57,9,Sunset views,#sunset,349,32,24,2024-01-03 08:00:00
58,6,Family time,#love,444,29,59,2024-01-03 09:00:00
59,10,Feeling blessed,#grateful,197,22,32,2024-01-03 10:00:00
60,11,Dinner with friends,#friends,314,19,19,2024-01-03 11:00:00
61,1,Workout motivation,#workout,957,56,111,2024-01-03 12:00:00
62,9,"they looked at her with sad, anxious faces",#sad,426,30,32,2024-01-03 13:00:00
63,15,Weekend getaway,#travel,271,9,48,2024-01-03 14:00:00
64,12,Weekend getaway,#getaway,215,39,18,2024-01-03 15:00:00
65,5,the sad fact is that he's lost his touch,#lost,678,17,116,2024-01-03 16:00:00
66,2,a sad day for us all,#all,492,34,97,2024-01-03 17:00:00
67,19,Travel goals,#explore,1036,55,93,2024-01-03 18:00:00
68,10,Beach day,#sun,304,26,19,2024-01-03 19:00:00
69,10,Love this beach,#beach,351,25,43,2024-01-03 20:00:00
70,17,Dinner with friends,#goodtimes,807,72,50,2024-01-03 21:00:00
71,16,it makes me sad,#trauma,832,86,145,2024-01-03 22:00:00
72,6,Throwback to summer,#memories,588,41,78,2024-01-03 23:00:00
73,17,Exploring the mountains,#nature,483,47,58,2024-01-04 00:00:00
74,4,the sad fact is that he's lost his touch,#sad,478,50,68,2024-01-04 01:00:00
75,7,Love this beach,#beach,392,45,22,2024-01-04 02:00:00
76,2,"sad to say, she never lived to see it",#lived,589,31,78,2024-01-04 03:00:00
77,20,Love this beach,#ocean,505,16,62,2024-01-04 04:00:00
78,12,Sunset views,#sky,210,33,14,2024-01-04 05:00:00
79,20,Road trip,#roadtrip,502,17,43,2024-01-04 06:00:00
80,10,Family time,#love,252,20,33,2024-01-04 07:00:00
81,20,a sad day for us all,#all,479,16,91,2024-01-04 08:00:00
82,13,Road trip,#roadtrip,713,14,109,2024-01-04 09:00:00
83,10,a sad day for us all,#sad,219,22,36,2024-01-04 10:00:00
84,2,"sad to say, she never lived to see it",sad,465,30,31,2024-01-04 11:00:00
85,17,I am feeling very sad,#low,454,44,70,2024-01-04 12:00:00
86,10,Hiking adventures,#adventure,225,18,24,2024-01-04 13:00:00
87,9,Healthy living,#wellness,386,38,36,2024-01-04 14:00:00
88,20,Healthy living,#healthyliving,474,17,77,2024-01-04 15:00:00
89,1,Weekend getaway,#travel,900,51,111,2024-01-04 16:00:00
90,1,Weekend getaway,#weekend,901,54,166,2024-01-04 17:00:00
91,15,Hiking adventures,#hiking,534,15,29,2024-01-04 18:00:00
92,1,Exploring the mountains,#nature,1040,86,180,2024-01-04 19:00:00
93,5,Healthy breakfast,#breakfast,824,25,71,2024-01-04 20:00:00
94,8,a sad day for us all,#all,538,55,46,2024-01-04 21:00:00
95,16,Road trip,#travel,853,79,136,2024-01-04 22:00:00
96,10,Feeling blessed,#grateful,296,34,57,2024-01-04 23:00:00
97,2,Healthy breakfast,#food,594,29,100,2024-01-05 00:00:00
98,5,"sad to say, she never lived to see it",#lived,570,15,85,2024-01-05 01:00:00
99,2,Healthy living,#wellness,492,27,49,2024-01-05 02:00:00
100,11,I am feeling very happy,#happy,245,18,43,2024-01-05 03:00:00
101,12,I am feeling very happy,#joy,190,37,34,2024-01-05 04:00:00
102,17,Love this beach,#sun,472,58,25,2024-01-05 05:00:00
103,7,Sunset views,#sunset,352,52,38,2024-01-05 06:00:00
104,2,Coffee time,#morning,407,28,28,2024-01-05 07:00:00
105,1,Throwback to summer,#memories,906,55,152,2024-01-05 08:00:00
106,19,Workout motivation,#fitness,624,35,116,2024-01-05 09:00:00
107,13,Enjoying the sunset,#nature,1044,28,194,2024-01-05 10:00:00
108,11,Feeling blessed,#thankful,264,22,16,2024-01-05 11:00:00
109,3,Family time,#love,232,8,12,2024-01-05 12:00:00
110,11,Enjoying the sunset,#nature,430,28,58,2024-01-05 13:00:00
111,3,Family time,#love,200,8,16,2024-01-05 14:00:00
112,17,"sad to say, she never lived to see it",sad,577,43,78,2024-01-05 15:00:00
113,2,Coffee time,#morning,433,32,39,2024-01-05 16:00:00
114,14,Workout motivation,#fitness,730,23,43,2024-01-05 17:00:00
115,6,I am feeling very sad,#low,579,44,32,2024-01-05 18:00:00
116,15,the sad fact is that he's lost his touch,#lost,544,15,73,2024-01-05 19:00:00
117,17,Coffee time,#coffee,813,75,136,2024-01-05 20:00:00
118,5,I am feeling very happy,#happy,1032,18,196,2024-01-05 21:00:00
119,11,Exploring the mountains,#nature,407,32,20,2024-01-05 22:00:00
120,9,"they looked at her with sad, anxious faces",#faces,532,45,73,2024-01-05 23:00:00
121,17,Exploring the mountains,#hiking,579,42,94,2024-01-06 00:00:00
122,13,"they looked at her with sad, anxious faces",#sad,625,13,105,2024-01-06 01:00:00
123,8,Weekend getaway,#weekend,339,51,49,2024-01-06 02:00:00
124,4,Dinner with friends,#friends,637,58,45,2024-01-06 03:00:00
125,4,Healthy breakfast,#breakfast,535,52,91,2024-01-06 04:00:00
126,11,Exploring the mountains,#mountains,246,17,47,2024-01-06 05:00:00
127,18,Coffee time,#morning,309,28,22,2024-01-06 06:00:00
128,1,Enjoying the sunset,#sunset,1086,72,83,2024-01-06 07:00:00
129,16,I am feeling very sad,#low,551,42,93,2024-01-06 08:00:00
130,9,Hiking adventures,#hiking,399,37,76,2024-01-06 09:00:00
131,20,I am feeling very sad,#low,479,16,74,2024-01-06 10:00:00
132,12,Feeling blessed,#grateful,244,35,26,2024-01-06 11:00:00
133,18,the sad fact is that he's lost his touch,#sad,390,33,65,2024-01-06 12:00:00
134,1,Healthy living,#fitness,686,59,69,2024-01-06 13:00:00
135,17,Chasing waterfalls,#waterfalls,434,57,63,2024-01-06 14:00:00
136,8,Healthy living,#wellness,335,48,64,2024-01-06 15:00:00
137,16,City lights,#city,457,45,37,2024-01-06 16:00:00
138,18,Family time,#love,349,26,62,2024-01-06 17:00:00
139,3,Travel goals,#travel,295,14,41,2024-01-06 18:00:00
140,8,Chasing waterfalls,#waterfalls,699,81,38,2024-01-06 19:00:00
141,15,Chasing waterfalls,#hiking,514,18,30,2024-01-06 20:00:00
142,10,I am feeling very sad,#feel,401,33,50,2024-01-06 21:00:00
143,1,"sad to say, she never lived to see it",sad,992,80,164,2024-01-06 22:00:00
144,18,Morning vibes,#sunrise,594,37,51,2024-01-06 23:00:00
145,5,Healthy living,#wellness,479,12,31,2024-01-07 00:00:00
146,17,"they looked at her with sad, anxious faces",#sad,529,46,80,2024-01-07 01:00:00
147,9,Morning vibes,#freshstart,354,31,22,2024-01-07 02:00:00
148,4,it makes me sad,#stress,517,57,59,2024-01-07 03:00:00
149,10,I am feeling very happy,#joy,283,19,54,2024-01-07 04:00:00
150,4,Exploring the mountains,#nature,452,44,39,2024-01-07 05:00:00
151,6,"sad to say, she never lived to see it",#lived,540,32,29,2024-01-07 06:00:00
152,9,Chasing waterfalls,#waterfalls,293,40,54,2024-01-07 07:00:00
153,18,Healthy breakfast,#breakfast,291,30,47,2024-01-07 08:00:00
154,5,Enjoying the sunset,#evening,746,24,128,2024-01-07 09:00:00
155,16,Healthy breakfast,#healthy,490,55,42,2024-01-07 10:00:00
156,2,it makes me sad,#depression,452,34,58,2024-01-07 11:00:00
157,4,Hiking adventures,#adventure,588,54,31,2024-01-07 12:00:00
158,5,Throwback to summer,#summer,462,14,44,2024-01-07 13:00:00
159,5,City lights,#urban,484,16,77,2024-01-07 14:00:00
160,14,Beach day,#beach,725,19,138,2024-01-07 15:00:00
161,9,Healthy living,#fitness,303,33,40,2024-01-07 16:00:00
162,17,it makes me sad,#depression,471,56,68,2024-01-07 17:00:00
163,11,I am feeling very sad,#feel,477,27,49,2024-01-07 18:00:00
164,17,Exploring the mountains,#hiking,881,73,161,2024-01-07 19:00:00
165,4,Sunset views,#sunset,745,68,52,2024-01-07 20:00:00
166,9,Hiking adventures,#hiking,647,58,76,2024-01-07 21:00:00
167,1,Morning vibes,#morning,1396,74,170,2024-01-07 22:00:00
168,7,Road trip,#travel,720,70,135,2024-01-07 23:00:00
169,8,Chasing waterfalls,#waterfalls,475,40,94,2024-01-08 00:00:00
170,9,Road trip,#roadtrip,298,33,47,2024-01-08 01:00:00
171,15,the sad fact is that he's lost his touch,#touch,360,12,24,2024-01-08 02:00:00
172,11,Chasing waterfalls,#hiking,277,20,52,2024-01-08 03:00:00
173,12,I am feeling very sad,#feel,274,36,30,2024-01-08 04:00:00
174,2,Road trip,#travel,524,35,104,2024-01-08 05:00:00
175,18,Enjoying the sunset,#sunset,557,40,106,2024-01-08 06:00:00
176,20,Throwback to summer,#summer,645,16,83,2024-01-08 07:00:00
177,4,Love this beach,#ocean,454,59,77,2024-01-08 08:00:00
178,3,Hiking adventures,#outdoors,195,10,25,2024-01-08 09:00:00
179,20,the sad fact is that he's lost his touch,#lost,565,18,65,2024-01-08 10:00:00
180,7,Morning vibes,#sunrise,421,45,84,2024-01-08 11:00:00
181,16,Healthy breakfast,#breakfast,563,58,77,2024-01-08 12:00:00
182,5,Feeling blessed,#thankful,463,12,80,2024-01-08 13:00:00
183,18,"sad to say, she never lived to see it",#lived,400,27,44,2024-01-08 14:00:00
184,15,Sunset views,#sky,363,14,69,2024-01-08 15:00:00
185,20,Travel goals,#adventure,618,16,69,2024-01-08 16:00:00
186,2,Healthy breakfast,#food,512,25,60,2024-01-08 17:00:00
187,19,Hiking adventures,#adventure,1000,47,97,2024-01-08 18:00:00
188,5,the sad fact is that he's lost his touch,#touch,954,18,148,2024-01-08 19:00:00
189,15,Hiking adventures,#outdoors,380,15,20,2024-01-08 20:00:00
190,18,the sad fact is that he's lost his touch,#touch,597,48,87,2024-01-08 21:00:00
191,18,Sunset views,#sky,549,49,71,2024-01-08 22:00:00
192,14,Weekend getaway,#weekend,1081,35,142,2024-01-08 23:00:00
193,11,Healthy breakfast,#breakfast,222,17,44,2024-01-09 00:00:00
194,19,"sad to say, she never lived to see it",#lived,490,37,57,2024-01-09 01:00:00
195,10,Morning vibes,#morning,280,22,50,2024-01-09 02:00:00
196,14,Love this beach,#beach,642,24,59,2024-01-09 03:00:00
197,13,Travel goals,#adventure,866,13,131,2024-01-09 04:00:00
198,6,Travel goals,#explore,412,32,51,2024-01-09 05:00:00
199,7,it makes me sad,#depression,483,47,46,2024-01-09 06:00:00
200,14,Love this beach,#ocean,668,18,76,2024-01-09 07:00:00
201,7,Feeling blessed,#blessed,470,48,26,2024-01-09 08:00:00
202,9,Workout motivation,#fitness,320,31,30,2024-01-09 09:00:00
203,15,Love this beach,#sun,264,13,35,2024-01-09 10:00:00
204,6,Coffee time,#caffeine,372,34,32,2024-01-09 11:00:00
205,15,Family time,#family,335,13,42,2024-01-09 12:00:00
206,18,a sad day for us all,#all,307,30,47,2024-01-09 13:00:00
207,20,Enjoying the sunset,#nature,852,26,134,2024-01-09 14:00:00
208,2,Sunset views,#sunset,540,32,91,2024-01-09 15:00:00
209,20,"sad to say, she never lived to see it",#lived,502,13,82,2024-01-09 16:00:00
210,5,I am feeling very happy,#happy,687,12,40,2024-01-09 17:00:00
211,16,Exploring the mountains,#hiking,771,86,99,2024-01-09 18:00:00
212,20,Feeling blessed,#blessed,858,24,153,2024-01-09 19:00:00
213,17,"sad to say, she never lived to see it",#lived,678,69,37,2024-01-09 20:00:00
214,10,Sunset views,#sky,390,24,39,2024-01-09 21:00:00
215,5,Morning vibes,#freshstart,737,25,65,2024-01-09 22:00:00
216,8,I am feeling very happy,#joy,600,72,64,2024-01-09 23:00:00
217,10,Chasing waterfalls,#hiking,250,20,42,2024-01-10 00:00:00
218,17,Throwback to summer,#summer,519,54,80,2024-01-10 01:00:00
219,9,the sad fact is that he's lost his touch,#sad,428,28,64,2024-01-10 02:00:00
220,2,Beach day,#sun,499,25,29,2024-01-10 03:00:00
221,6,Road trip,#travel,516,25,71,2024-01-10 04:00:00
222,10,I am feeling very happy,#happy,230,16,42,2024-01-10 05:00:00
223,12,Road trip,#travel,209,40,38,2024-01-10 06:00:00
224,6,Hiking adventures,#outdoors,460,27,78,2024-01-10 07:00:00
225,4,I am feeling very sad,#low,512,42,27,2024-01-10 08:00:00
226,3,Hiking adventures,#outdoors,176,8,27,2024-01-10 09:00:00
227,20,Chasing waterfalls,#nature,548,15,67,2024-01-10 10:00:00
228,15,I am feeling very happy,#feel,278,12,32,2024-01-10 11:00:00
229,17,Road trip,#roadtrip,510,49,96,2024-01-10 12:00:00
230,1,a sad day for us all,#day,924,42,182,2024-01-10 13:00:00
231,14,it makes me sad,#stress,535,22,34,2024-01-10 14:00:00
232,18,Coffee time,#caffeine,316,29,17,2024-01-10 15:00:00
233,9,Sunset views,#sky,293,36,34,2024-01-10 16:00:00
234,10,Coffee time,#coffee,265,22,28,2024-01-10 17:00:00
235,8,Workout motivation,#fitness,731,70,101,2024-01-10 18:00:00
236,17,"they looked at her with sad, anxious faces",#anxious,800,88,148,2024-01-10 19:00:00
237,14,Family time,#love,1046,37,113,2024-01-10 20:00:00
238,17,Healthy breakfast,#breakfast,595,70,64,2024-01-10 21:00:00
239,8,Throwback to summer,#memories,524,57,29,2024-01-10 22:00:00
240,4,Chasing waterfalls,#nature,909,66,108,2024-01-10 23:00:00
241,5,Chasing waterfalls,#nature,640,13,104,2024-01-11 00:00:00
242,14,Throwback to summer,#summer,597,17,87,2024-01-11 01:00:00
243,15,Hiking adventures,#outdoors,276,13,52,2024-01-11 02:00:00
244,18,"they looked at her with sad, anxious faces",#faces,300,24,30,2024-01-11 03:00:00
245,15,Morning vibes,#morning,317,11,19,2024-01-11 04:00:00
246,7,Road trip,#roadtrip,352,49,23,2024-01-11 05:00:00
247,3,Feeling blessed,#grateful,200,10,21,2024-01-11 06:00:00
248,2,I am feeling very sad,#feel,553,35,62,2024-01-11 07:00:00
249,15,Weekend getaway,#getaway,313,13,35,2024-01-11 08:00:00
250,18,Exploring the mountains,#mountains,286,35,15,2024-01-11 09:00:00
251,3,"sad to say, she never lived to see it",sad,225,11,23,2024-01-11 10:00:00
252,17,Beach day,#sun,397,57,51,2024-01-11 11:00:00
253,19,the sad fact is that he's lost his touch,#lost,508,36,89,2024-01-11 12:00:00
254,19,Coffee time,#coffee,701,39,117,2024-01-11 13:00:00
255,11,Hiking adventures,#hiking,259,21,42,2024-01-11 14:00:00
256,18,the sad fact is that he's lost his touch,#touch,404,35,23,2024-01-11 15:00:00
257,12,Family time,#love,206,29,32,2024-01-11 16:00:00
258,19,Enjoying the sunset,#nature,928,47,48,2024-01-11 17:00:00
259,2,Healthy living,#wellness,814,49,109,2024-01-11 18:00:00
260,10,Sunset views,#views,286,26,27,2024-01-11 19:00:00
261,13,Dinner with friends,#goodtimes,962,28,92,2024-01-11 20:00:00
262,8,Dinner with friends,#dinner,618,61,123,2024-01-11 21:00:00
263,3,"sad to say, she never lived to see it",sad,250,14,18,2024-01-11 22:00:00
264,6,Throwback to summer,#throwback,794,52,100,2024-01-11 23:00:00
265,7,I am feeling very happy,#feel,443,47,53,2024-01-12 00:00:00
266,15,Sunset views,#views,254,11,21,2024-01-12 01:00:00
267,11,Exploring the mountains,#hiking,218,17,30,2024-01-12 02:00:00
268,5,Healthy living,#wellness,566,15,96,2024-01-12 03:00:00
269,4,Feeling blessed,#thankful,543,58,72,2024-01-12 04:00:00
270,10,Healthy breakfast,#food,214,16,15,2024-01-12 05:00:00
271,9,Beach day,#sand,371,33,60,2024-01-12 06:00:00
272,2,"they looked at her with sad, anxious faces",#faces,448,34,86,2024-01-12 07:00:00
273,6,Love this beach,#ocean,480,35,70,2024-01-12 08:00:00
274,3,Hiking adventures,#adventure,223,10,42,2024-01-12 09:00:00
275,17,Sunset views,#sky,518,46,39,2024-01-12 10:00:00
276,20,I am feeling very sad,#feel,510,13,59,2024-01-12 11:00:00
277,10,Beach day,#sun,200,20,18,2024-01-12 12:00:00
278,20,"they looked at her with sad, anxious faces",#faces,499,17,46,2024-01-12 13:00:00
279,4,Hiking adventures,#adventure,579,47,68,2024-01-12 14:00:00
280,13,Sunset views,#sky,634,17,56,2024-01-12 15:00:00
281,5,Dinner with friends,#goodtimes,650,17,54,2024-01-12 16:00:00
282,9,Travel goals,#explore,416,33,78,2024-01-12 17:00:00
283,8,Family time,#qualitytime,683,65,89,2024-01-12 18:00:00
284,3,the sad fact is that he's lost his touch,#sad,299,14,55,2024-01-12 19:00:00
285,2,Throwback to summer,#throwback,766,51,128,2024-01-12 20:00:00
286,15,Coffee time,#morning,413,16,69,2024-01-12 21:00:00
287,20,Throwback to summer,#memories,808,20,99,2024-01-12 22:00:00
288,1,"they looked at her with sad, anxious faces",#sad,1429,88,207,2024-01-12 23:00:00
289,4,it makes me sad,#depression,469,40,71,2024-01-13 00:00:00
290,4,Love this beach,#ocean,439,43,44,2024-01-13 01:00:00
291,15,Enjoying the sunset,#nature,533,21,78,2024-01-13 02:00:00
292,8,Feeling blessed,#grateful,358,45,19,2024-01-13 03:00:00
293,6,Enjoying the sunset,#nature,586,51,58,2024-01-13 04:00:00
294,11,Family time,#love,294,17,22,2024-01-13 05:00:00
295,8,I am feeling very sad,#sad,342,38,56,2024-01-13 06:00:00
296,2,Family time,#love,588,28,72,2024-01-13 07:00:00
297,3,Road trip,#adventure,162,11,13,2024-01-13 08:00:00
298,5,Hiking adventures,#adventure,524,12,90,2024-01-13 09:00:00
299,14,Sunset views,#sunset,523,21,92,2024-01-13 10:00:00
300,13,I am feeling very sad,#low,604,15,43,2024-01-13 11:00:00
301,20,I am feeling very sad,#feel,653,18,113,2024-01-13 12:00:00
302,20,Sunset views,#sky,531,19,96,2024-01-13 13:00:00
303,10,Workout motivation,#workout,275,22,36,2024-01-13 14:00:00
304,6,Travel goals,#travel,428,35,28,2024-01-13 15:00:00
305,5,Travel goals,#travel,614,16,119,2024-01-13 16:00:00
306,18,City lights,#urban,391,34,56,2024-01-13 17:00:00
307,15,Sunset views,#views,506,19,31,2024-01-13 18:00:00
308,8,Dinner with friends,#dinner,646,68,92,2024-01-13 19:00:00
309,9,Sunset views,#views,501,43,37,2024-01-13 20:00:00
310,7,Coffee time,#morning,624,67,53,2024-01-13 21:00:00
311,4,Chasing waterfalls,#nature,914,88,123,2024-01-13 22:00:00
312,13,I am feeling very sad,#feel,1080,22,105,2024-01-13 23:00:00
313,12,Throwback to summer,#summer,261,29,48,2024-01-14 00:00:00
314,12,Family time,#family,255,38,35,2024-01-14 01:00:00
315,7,Healthy breakfast,#breakfast,448,54,81,2024-01-14 02:00:00
316,3,I am feeling very happy,#joy,231,8,19,2024-01-14 03:00:00
317,8,Hiking adventures,#outdoors,394,50,64,2024-01-14 04:00:00
318,9,Morning vibes,#sunrise,390,30,46,2024-01-14 05:00:00
319,14,Morning vibes,#freshstart,717,17,84,2024-01-14 06:00:00
320,6,Chasing waterfalls,#nature,394,26,70,2024-01-14 07:00:00
321,11,Coffee time,#morning,239,20,25,2024-01-14 08:00:00
322,6,Healthy breakfast,#breakfast,508,34,67,2024-01-14 09:00:00
323,19,Morning vibes,#sunrise,680,40,35,2024-01-14 10:00:00
324,9,City lights,#nightlife,365,39,46,2024-01-14 11:00:00
325,18,Healthy breakfast,#food,303,35,44,2024-01-14 12:00:00
326,18,Chasing waterfalls,#waterfalls,389,35,74,2024-01-14 13:00:00
327,7,City lights,#city,401,53,63,2024-01-14 14:00:00
328,16,"they looked at her with sad, anxious faces",#sad,611,57,81,2024-01-14 15:00:00
329,8,Sunset views,#sky,445,54,60,2024-01-14 16:00:00
330,15,it makes me sad,#stress,277,10,29,2024-01-14 17:00:00
331,11,Enjoying the sunset,#sunset,373,29,32,2024-01-14 18:00:00
332,19,Workout motivation,#fitness,744,50,42,2024-01-14 19:00:00
333,12,Exploring the mountains,#mountains,311,51,26,2024-01-14 20:00:00
334,9,a sad day for us all,#day,622,46,85,2024-01-14 21:00:00
335,5,Hiking adventures,#outdoors,814,23,123,2024-01-14 22:00:00
336,13,Family time,#family,895,19,148,2024-01-14 23:00:00
337,20,Sunset views,#sunset,585,14,84,2024-01-15 00:00:00
338,2,City lights,#city,548,33,105,2024-01-15 01:00:00
339,20,Feeling blessed,#blessed,561,13,98,2024-01-15 02:00:00
340,19,Beach day,#sun,585,38,86,2024-01-15 03:00:00
341,11,Healthy living,#wellness,313,23,45,2024-01-15 04:00:00
342,2,Healthy breakfast,#healthy,425,28,82,2024-01-15 05:00:00
343,16,Feeling blessed,#blessed,481,59,94,2024-01-15 06:00:00
344,10,the sad fact is that he's lost his touch,#lost,252,16,13,2024-01-15 07:00:00
345,5,Feeling blessed,#grateful,492,17,94,2024-01-15 08:00:00
346,16,Love this beach,#beach,590,48,103,2024-01-15 09:00:00
347,2,Dinner with friends,#friends,466,27,41,2024-01-15 10:00:00
348,3,Love this beach,#beach,181,10,26,2024-01-15 11:00:00
349,4,Road trip,#roadtrip,556,56,62,2024-01-15 12:00:00
350,7,the sad fact is that he's lost his touch,#sad,398,56,77,2024-01-15 13:00:00
351,9,Travel goals,#adventure,411,30,39,2024-01-15 14:00:00
352,1,Healthy breakfast,#food,895,52,79,2024-01-15 15:00:00
353,14,I am feeling very happy,#happy,515,19,29,2024-01-15 16:00:00
354,14,Travel goals,#travel,631,17,111,2024-01-15 17:00:00
355,4,Healthy living,#fitness,855,67,45,2024-01-15 18:00:00
356,11,Enjoying the sunset,#nature,393,25,36,2024-01-15 19:00:00
357,15,"sad to say, she never lived to see it",sad,508,15,67,2024-01-15 20:00:00
358,2,Coffee time,#morning,723,48,101,2024-01-15 21:00:00
359,4,"they looked at her with sad, anxious faces",#sad,738,79,56,2024-01-15 22:00:00
360,5,Dinner with friends,#dinner,905,21,163,2024-01-15 23:00:00
361,4,Feeling blessed,#blessed,611,50,44,2024-01-16 00:00:00
362,7,Healthy living,#fitness,416,48,48,2024-01-16 01:00:00
363,5,Healthy living,#wellness,681,13,112,2024-01-16 02:00:00
364,8,Sunset views,#sky,420,39,61,2024-01-16 03:00:00
365,20,Throwback to summer,#memories,645,17,92,2024-01-16 04:00:00
366,20,Road trip,#travel,624,17,81,2024-01-16 05:00:00
367,20,Workout motivation,#workout,461,15,43,2024-01-16 06:00:00
368,16,Workout motivation,#motivation,530,45,29,2024-01-16 07:00:00
369,12,I am feeling very sad,#low,190,39,28,2024-01-16 08:00:00
370,20,Love this beach,#sun,611,14,119,2024-01-16 09:00:00
371,2,Workout motivation,#motivation,424,32,37,2024-01-16 10:00:00
372,1,Sunset views,#sky,755,59,79,2024-01-16 11:00:00
373,15,Coffee time,#caffeine,252,10,26,2024-01-16 12:00:00
374,18,I am feeling very sad,#feel,309,26,43,2024-01-16 13:00:00
375,12,Morning vibes,#sunrise,248,29,23,2024-01-16 14:00:00
376,17,Feeling blessed,#blessed,504,39,87,2024-01-16 15:00:00
377,16,Sunset views,#sunset,415,53,35,2024-01-16 16:00:00
378,19,Travel goals,#explore,687,37,126,2024-01-16 17:00:00
379,4,I am feeling very sad,#low,812,84,73,2024-01-16 18:00:00
380,20,Coffee time,#coffee,687,28,40,2024-01-16 19:00:00
381,5,City lights,#city,862,25,83,2024-01-16 20:00:00
382,14,Love this beach,#ocean,858,27,129,2024-01-16 21:00:00
383,14,the sad fact is that he's lost his touch,#lost,883,28,138,2024-01-16 22:00:00
384,14,Healthy breakfast,#breakfast,1021,30,95,2024-01-16 23:00:00
385,11,it makes me sad,#depression,260,17,21,2024-01-17 00:00:00
386,12,I am feeling very sad,#low,202,33,31,2024-01-17 01:00:00
387,3,Dinner with friends,#goodtimes,225,11,41,2024-01-17 02:00:00
388,16,Dinner with friends,#friends,421,49,29,2024-01-17 03:00:00
389,18,Beach day,#sun,377,27,56,2024-01-17 04:00:00
390,7,a sad day for us all,#all,356,48,59,2024-01-17 05:00:00
391,7,the sad fact is that he's lost his touch,#lost,458,45,26,2024-01-17 06:00:00
392,14,Healthy living,#wellness,699,20,127,2024-01-17 07:00:00
393,14,Beach day,#beach,598,22,105,2024-01-17 08:00:00
394,2,a sad day for us all,#day,525,33,40,2024-01-17 09:00:00
395,17,Feeling blessed,#grateful,441,42,60,2024-01-17 10:00:00
396,5,Enjoying the sunset,#nature,825,18,99,2024-01-17 11:00:00
397,3,Travel goals,#explore,181,10,28,2024-01-17 12:00:00
398,5,Healthy breakfast,#food,672,15,105,2024-01-17 13:00:00
399,20,the sad fact is that he's lost his touch,#lost,650,13,120,2024-01-17 14:00:00
400,4,it makes me sad,#depression,463,40,40,2024-01-17 15:00:00
401,4,it makes me sad,#stress,644,40,53,2024-01-17 16:00:00
402,20,Travel goals,#travel,523,16,72,2024-01-17 17:00:00
403,7,Hiking adventures,#adventure,532,61,42,2024-01-17 18:00:00
404,20,I am feeling very happy,#happy,980,26,56,2024-01-17 19:00:00
405,2,Enjoying the sunset,#sunset,805,41,155,2024-01-17 20:00:00
406,12,a sad day for us all,#sad,299,45,38,2024-01-17 21:00:00
407,7,Workout motivation,#workout,644,68,42,2024-01-17 22:00:00
408,7,Road trip,#adventure,576,68,114,2024-01-17 23:00:00
409,6,Sunset views,#sunset,418,29,79,2024-01-18 00:00:00
410,2,I am feeling very sad,#feel,502,30,38,2024-01-18 01:00:00
411,2,Love this beach,#sun,459,30,63,2024-01-18 02:00:00
412,9,Beach day,#sun,429,33,68,2024-01-18 03:00:00
413,10,Healthy living,#wellness,235,17,36,2024-01-18 04:00:00
414,14,a sad day for us all,#sad,587,25,30,2024-01-18 05:00:00
415,6,Chasing waterfalls,#hiking,381,32,67,2024-01-18 06:00:00
416,2,Family time,#qualitytime,466,35,62,2024-01-18 07:00:00
417,1,Love this beach,#sun,701,40,117,2024-01-18 08:00:00
418,19,Dinner with friends,#friends,534,29,84,2024-01-18 09:00:00
419,18,it makes me sad,#stress,311,30,43,2024-01-18 10:00:00
420,6,"sad to say, she never lived to see it",sad,400,26,65,2024-01-18 11:00:00
421,18,I am feeling very happy,#happy,393,35,63,2024-01-18 12:00:00
422,14,Love this beach,#beach,528,18,79,2024-01-18 13:00:00
423,16,a sad day for us all,#day,509,50,77,2024-01-18 14:00:00
424,4,Hiking adventures,#adventure,508,57,31,2024-01-18 15:00:00
425,8,Travel goals,#adventure,337,46,63,2024-01-18 16:00:00
426,19,City lights,#nightlife,583,35,30,2024-01-18 17:00:00
427,16,Morning vibes,#morning,666,85,86,2024-01-18 18:00:00
428,12,"sad to say, she never lived to see it",sad,334,44,52,2024-01-18 19:00:00
429,11,Workout motivation,#workout,423,24,57,2024-01-18 20:00:00
430,19,Weekend getaway,#weekend,896,54,176,2024-01-18 21:00:00
431,10,I am feeling very sad,#sad,370,30,57,2024-01-18 22:00:00
432,12,Healthy living,#fitness,294,45,25,2024-01-18 23:00:00
433,4,Weekend getaway,#getaway,455,49,39,2024-01-19 00:00:00
434,4,Sunset views,#views,521,50,86,2024-01-19 01:00:00
435,1,Hiking adventures,#outdoors,865,53,59,2024-01-19 02:00:00
436,12,Chasing waterfalls,#nature,265,33,48,2024-01-19 03:00:00
437,18,a sad day for us all,#day,334,25,44,2024-01-19 04:00:00
438,3,it makes me sad,#stress,210,9,25,2024-01-19 05:00:00
439,10,Hiking adventures,#hiking,261,17,18,2024-01-19 06:00:00
440,17,Morning vibes,#freshstart,551,40,67,2024-01-19 07:00:00
441,16,Dinner with friends,#goodtimes,527,59,102,2024-01-19 08:00:00
442,9,Coffee time,#morning,289,28,50,2024-01-19 09:00:00
443,20,Healthy breakfast,#food,614,16,78,2024-01-19 10:00:00
444,5,Beach day,#sand,613,12,53,2024-01-19 11:00:00
445,5,Sunset views,#views,493,17,28,2024-01-19 12:00:00
446,4,Feeling blessed,#grateful,446,42,71,2024-01-19 13:00:00
447,6,Enjoying the sunset,#evening,565,53,42,2024-01-19 14:00:00
448,11,Love this beach,#beach,213,20,19,2024-01-19 15:00:00
449,14,Road trip,#roadtrip,649,22,57,2024-01-19 16:00:00
450,11,it makes me sad,#trauma,235,22,17,2024-01-19 17:00:00
451,1,Enjoying the sunset,#evening,1209,62,205,2024-01-19 18:00:00
452,5,"sad to say, she never lived to see it",#lived,928,20,59,2024-01-19 19:00:00
453,20,Healthy breakfast,#breakfast,783,25,110,2024-01-19 20:00:00
454,11,Workout motivation,#fitness,362,28,50,2024-01-19 21:00:00
455,12,Throwback to summer,#throwback,413,41,34,2024-01-19 22:00:00
456,3,the sad fact is that he's lost his touch,#touch,247,12,32,2024-01-19 23:00:00
457,7,"they looked at her with sad, anxious faces",#sad,477,40,81,2024-01-20 00:00:00
458,11,City lights,#nightlife,300,20,53,2024-01-20 01:00:00
459,2,Love this beach,#sun,592,26,60,2024-01-20 02:00:00
460,12,Family time,#love,211,30,33,2024-01-20 03:00:00
461,9,Beach day,#beach,361,34,36,2024-01-20 04:00:00
462,7,Sunset views,#views,431,44,41,2024-01-20 05:00:00
463,17,Healthy living,#fitness,447,46,84,2024-01-20 06:00:00
464,14,Family time,#love,634,18,48,2024-01-20 07:00:00
465,17,Coffee time,#morning,577,40,75,2024-01-20 08:00:00
466,14,a sad day for us all,#sad,652,18,83,2024-01-20 09:00:00
467,16,I am feeling very sad,#feel,429,49,45,2024-01-20 10:00:00
468,19,Weekend getaway,#weekend,715,31,111,2024-01-20 11:00:00
469,12,Coffee time,#caffeine,187,35,19,2024-01-20 12:00:00
470,20,Workout motivation,#workout,581,18,47,2024-01-20 13:00:00
471,3,a sad day for us all,#sad,226,9,20,2024-01-20 14:00:00
472,17,Healthy breakfast,#healthy,455,54,45,2024-01-20 15:00:00
473,5,"sad to say, she never lived to see it",#lived,688,16,50,2024-01-20 16:00:00
474,18,Weekend getaway,#travel,367,25,73,2024-01-20 17:00:00
475,3,it makes me sad,#stress,289,12,39,2024-01-20 18:00:00
476,17,Travel goals,#explore,730,82,74,2024-01-20 19:00:00
477,4,I am feeling very happy,#joy,789,63,40,2024-01-20 20:00:00
478,18,Travel goals,#explore,591,39,74,2024-01-20 21:00:00
479,19,it makes me sad,#trauma,974,62,169,2024-01-20 22:00:00
480,9,Family time,#love,604,42,76,2024-01-20 23:00:00
481,13,Healthy breakfast,#healthy,606,16,114,2024-01-21 00:00:00
482,14,Enjoying the sunset,#sunset,1000,30,122,2024-01-21 01:00:00
483,16,a sad day for us all,#all,519,48,87,2024-01-21 02:00:00
484,4,it makes me sad,#depression,541,48,85,2024-01-21 03:00:00
485,7,Love this beach,#ocean,466,39,40,2024-01-21 04:00:00
486,20,Exploring the mountains,#mountains,538,17,82,2024-01-21 05:00:00
487,9,I am feeling very sad,#feel,302,38,38,2024-01-21 06:00:00
488,20,Enjoying the sunset,#sunset,953,28,179,2024-01-21 07:00:00
489,10,Sunset views,#views,242,18,16,2024-01-21 08:00:00
490,14,"they looked at her with sad, anxious faces",#sad,747,17,124,2024-01-21 09:00:00
491,3,it makes me sad,#trauma,178,9,25,2024-01-21 10:00:00
492,19,Enjoying the sunset,#sunset,877,63,50,2024-01-21 11:00:00
493,18,Workout motivation,#workout,301,31,19,2024-01-21 12:00:00
494,1,Beach day,#sun,956,45,57,2024-01-21 13:00:00
495,12,Coffee time,#coffee,205,34,37,2024-01-21 14:00:00
496,18,Feeling blessed,#blessed,330,26,50,2024-01-21 15:00:00
497,15,I am feeling very sad,#low,342,12,33,2024-01-21 16:00:00
498,1,Healthy breakfast,#breakfast,738,49,131,2024-01-21 17:00:00
499,7,Exploring the mountains,#hiking,653,62,80,2024-01-21 18:00:00
500,8,Exploring the mountains,#nature,558,72,63,2024-01-21 19:00:00
501,15,Road trip,#travel,508,20,46,2024-01-21 20:00:00
502,2,Travel goals,#travel,826,50,60,2024-01-21 21:00:00
503,8,Workout motivation,#fitness,609,71,105,2024-01-21 22:00:00
504,16,Road trip,#travel,670,84,114,2024-01-21 23:00:00
505,11,a sad day for us all,#day,313,21,47,2024-01-22 00:00:00
506,9,Sunset views,#views,353,36,29,2024-01-22 01:00:00
507,17,Sunset views,#sky,400,44,61,2024-01-22 02:00:00
508,20,Family time,#qualitytime,510,13,93,2024-01-22 03:00:00
509,18,a sad day for us all,#day,355,31,51,2024-01-22 04:00:00
510,20,Throwback to summer,#memories,585,15,82,2024-01-22 05:00:00
511,2,Beach day,#sun,429,32,38,2024-01-22 06:00:00
512,11,Chasing waterfalls,#waterfalls,291,18,28,2024-01-22 07:00:00
513,9,I am feeling very happy,#joy,418,39,39,2024-01-22 08:00:00
514,20,Weekend getaway,#getaway,474,14,75,2024-01-22 09:00:00
515,4,Healthy breakfast,#breakfast,517,40,90,2024-01-22 10:00:00
516,13,Enjoying the sunset,#nature,1142,27,173,2024-01-22 11:00:00
517,6,Healthy breakfast,#food,529,32,61,2024-01-22 12:00:00
518,15,it makes me sad,#stress,369,11,23,2024-01-22 13:00:00
519,17,a sad day for us all,#all,491,39,35,2024-01-22 14:00:00
520,20,Beach day,#sand,558,16,79,2024-01-22 15:00:00
521,5,Love this beach,#sun,536,12,36,2024-01-22 16:00:00
522,14,Healthy living,#wellness,528,18,27,2024-01-22 17:00:00
523,17,Family time,#qualitytime,775,69,46,2024-01-22 18:00:00
524,16,Healthy living,#healthyliving,865,62,84,2024-01-22 19:00:00
525,10,Feeling blessed,#blessed,294,28,17,2024-01-22 20:00:00
526,2,Family time,#family,676,40,109,2024-01-22 21:00:00
527,16,"sad to say, she never lived to see it",sad,630,76,68,2024-01-22 22:00:00
528,6,Beach day,#sun,831,42,94,2024-01-22 23:00:00
529,18,Morning vibes,#morning,318,24,51,2024-01-23 00:00:00
530,4,a sad day for us all,#day,481,57,80,2024-01-23 01:00:00
531,2,Enjoying the sunset,#nature,798,36,148,2024-01-23 02:00:00
532,15,Sunset views,#views,276,14,15,2024-01-23 03:00:00
533,8,"they looked at her with sad, anxious faces",#faces,473,46,93,2024-01-23 04:00:00
534,20,the sad fact is that he's lost his touch,#touch,530,18,90,2024-01-23 05:00:00
535,16,Family time,#qualitytime,506,52,81,2024-01-23 06:00:00
536,8,I am feeling very sad,#feel,440,54,39,2024-01-23 07:00:00
537,15,Hiking adventures,#adventure,371,10,34,2024-01-23 08:00:00
538,2,Exploring the mountains,#mountains,428,27,85,2024-01-23 09:00:00
539,6,Sunset views,#sky,533,35,90,2024-01-23 10:00:00
540,14,a sad day for us all,#sad,624,24,114,2024-01-23 11:00:00
541,13,Feeling blessed,#thankful,608,13,90,2024-01-23 12:00:00
542,14,Workout motivation,#workout,626,17,53,2024-01-23 13:00:00
543,7,"they looked at her with sad, anxious faces",#anxious,355,44,55,2024-01-23 14:00:00
544,3,Healthy living,#healthyliving,196,10,21,2024-01-23 15:00:00
545,11,Beach day,#sun,270,18,37,2024-01-23 16:00:00
546,2,Feeling blessed,#grateful,431,24,73,2024-01-23 17:00:00
547,14,Sunset views,#sunset,1032,34,167,2024-01-23 18:00:00
548,1,City lights,#nightlife,1437,64,129,2024-01-23 19:00:00
549,6,Workout motivation,#motivation,722,50,114,2024-01-23 20:00:00
550,6,Throwback to summer,#summer,698,54,94,2024-01-23 21:00:00
551,4,Coffee time,#coffee,728,72,82,2024-01-23 22:00:00
552,11,Sunset views,#sky,413,27,64,2024-01-23 23:00:00
553,11,the sad fact is that he's lost his touch,#lost,214,19,26,2024-01-24 00:00:00
554,13,Exploring the mountains,#hiking,644,14,121,2024-01-24 01:00:00
555,10,Dinner with friends,#dinner,219,19,12,2024-01-24 02:00:00
556,7,Chasing waterfalls,#hiking,337,53,24,2024-01-24 03:00:00
557,8,Beach day,#beach,397,54,21,2024-01-24 04:00:00
558,13,City lights,#urban,674,13,122,2024-01-24 05:00:00
559,10,Hiking adventures,#adventure,223,16,24,2024-01-24 06:00:00
560,6,Coffee time,#coffee,444,36,38,2024-01-24 07:00:00
561,20,Chasing waterfalls,#waterfalls,660,17,114,2024-01-24 08:00:00
562,16,Road trip,#travel,554,47,90,2024-01-24 09:00:00
563,2,Hiking adventures,#hiking,548,26,43,2024-01-24 10:00:00
564,17,Healthy breakfast,#food,465,49,63,2024-01-24 11:00:00
565,5,Workout motivation,#fitness,615,17,100,2024-01-24 12:00:00
566,17,Workout motivation,#workout,565,40,63,2024-01-24 13:00:00
567,1,Healthy breakfast,#food,689,52,91,2024-01-24 14:00:00
568,20,Family time,#family,590,16,77,2024-01-24 15:00:00
569,20,"they looked at her with sad, anxious faces",#anxious,455,18,28,2024-01-24 16:00:00
570,9,Chasing waterfalls,#hiking,427,27,62,2024-01-24 17:00:00
571,8,Travel goals,#travel,653,62,33,2024-01-24 18:00:00
572,13,Hiking adventures,#hiking,1011,24,153,2024-01-24 19:00:00
573,19,Love this beach,#beach,782,49,46,2024-01-24 20:00:00
574,10,Coffee time,#caffeine,407,28,58,2024-01-24 21:00:00
575,15,Weekend getaway,#travel,463,16,51,2024-01-24 22:00:00
576,8,Road trip,#travel,635,79,93,2024-01-24 23:00:00
577,8,Dinner with friends,#dinner,370,53,55,2024-01-25 00:00:00
578,6,Weekend getaway,#travel,404,34,72,2024-01-25 01:00:00
579,3,Coffee time,#coffee,232,10,18,2024-01-25 02:00:00
580,6,Love this beach,#sun,523,35,91,2024-01-25 03:00:00
581,7,Throwback to summer,#throwback,399,42,33,2024-01-25 04:00:00
582,1,I am feeling very happy,#feel,681,54,60,2024-01-25 05:00:00
583,10,I am feeling very sad,#low,206,16,41,2024-01-25 06:00:00
584,12,Feeling blessed,#blessed,246,35,49,2024-01-25 07:00:00
585,13,a sad day for us all,#sad,681,17,107,2024-01-25 08:00:00
586,16,I am feeling very sad,#sad,544,54,65,2024-01-25 09:00:00
587,8,Road trip,#adventure,432,43,53,2024-01-25 10:00:00
588,13,Family time,#qualitytime,837,13,65,2024-01-25 11:00:00
589,9,Dinner with friends,#friends,417,38,42,2024-01-25 12:00:00
590,12,Enjoying the sunset,#evening,365,54,46,2024-01-25 13:00:00
591,18,Exploring the mountains,#mountains,369,29,51,2024-01-25 14:00:00
592,7,Exploring the mountains,#mountains,365,42,22,2024-01-25 15:00:00
593,18,Feeling blessed,#blessed,413,25,36,2024-01-25 16:00:00
594,17,"they looked at her with sad, anxious faces",#anxious,584,48,89,2024-01-25 17:00:00
595,13,Dinner with friends,#goodtimes,1114,21,153,2024-01-25 18:00:00
596,17,Sunset views,#views,783,59,48,2024-01-25 19:00:00
597,1,Feeling blessed,#blessed,1353,89,258,2024-01-25 20:00:00
598,6,Weekend getaway,#getaway,648,49,88,2024-01-25 21:00:00
599,1,City lights,#urban,961,72,91,2024-01-25 22:00:00
600,17,it makes me sad,#stress,745,78,76,2024-01-25 23:00:00
601,11,Morning vibes,#morning,283,21,19,2024-01-26 00:00:00
602,15,Hiking adventures,#outdoors,309,11,20,2024-01-26 01:00:00
603,6,Throwback to summer,#memories,414,36,75,2024-01-26 02:00:00
604,6,Enjoying the sunset,#evening,751,49,44,2024-01-26 03:00:00
605,19,Travel goals,#explore,579,40,108,2024-01-26 04:00:00
606,20,Travel goals,#explore,484,18,39,2024-01-26 05:00:00
607,16,City lights,#urban,609,54,103,2024-01-26 06:00:00
608,18,Exploring the mountains,#nature,390,26,40,2024-01-26 07:00:00
609,20,Road trip,#adventure,637,17,68,2024-01-26 08:00:00
610,13,Sunset views,#sunset,859,16,105,2024-01-26 09:00:00
611,17,Road trip,#adventure,536,53,43,2024-01-26 10:00:00
612,14,Dinner with friends,#friends,530,22,77,2024-01-26 11:00:00
613,3,Feeling blessed,#thankful,164,9,15,2024-01-26 12:00:00
614,12,a sad day for us all,#day,218,30,19,2024-01-26 13:00:00
615,2,Beach day,#sand,558,26,73,2024-01-26 14:00:00
616,12,Sunset views,#sky,234,40,38,2024-01-26 15:00:00
617,11,the sad fact is that he's lost his touch,#lost,230,19,45,2024-01-26 16:00:00
618,3,Morning vibes,#freshstart,217,10,37,2024-01-26 17:00:00
619,6,Beach day,#sun,622,43,105,2024-01-26 18:00:00
620,7,Enjoying the sunset,#sunset,725,59,56,2024-01-26 19:00:00
621,11,I am feeling very happy,#feel,369,26,44,2024-01-26 20:00:00
622,2,Healthy living,#fitness,850,48,162,2024-01-26 21:00:00
623,3,I am feeling very happy,#happy,270,17,18,2024-01-26 22:00:00
624,19,Workout motivation,#motivation,793,64,136,2024-01-26 23:00:00
625,3,Family time,#family,166,11,30,2024-01-27 00:00:00
626,18,Travel goals,#travel,312,33,60,2024-01-27 01:00:00
627,18,Coffee time,#caffeine,380,32,47,2024-01-27 02:00:00
628,8,Love this beach,#sun,349,47,56,2024-01-27 03:00:00
629,1,Family time,#family,793,40,74,2024-01-27 04:00:00
630,8,Healthy breakfast,#breakfast,414,42,67,2024-01-27 05:00:00
631,16,Coffee time,#morning,611,56,90,2024-01-27 06:00:00
632,2,Dinner with friends,#goodtimes,594,31,107,2024-01-27 07:00:00
633,4,Feeling blessed,#grateful,561,56,94,2024-01-27 08:00:00
634,10,Feeling blessed,#thankful,232,21,11,2024-01-27 09:00:00
635,3,City lights,#urban,195,8,38,2024-01-27 10:00:00
636,3,it makes me sad,#trauma,237,11,36,2024-01-27 11:00:00
637,15,Feeling blessed,#blessed,277,11,35,2024-01-27 12:00:00
638,7,Morning vibes,#freshstart,407,47,41,2024-01-27 13:00:00
639,8,Beach day,#sand,357,48,67,2024-01-27 14:00:00
640,8,Weekend getaway,#travel,388,36,47,2024-01-27 15:00:00
641,14,Chasing waterfalls,#nature,739,23,131,2024-01-27 16:00:00
642,6,it makes me sad,#trauma,465,27,85,2024-01-27 17:00:00
643,12,Morning vibes,#sunrise,399,41,78,2024-01-27 18:00:00
644,1,City lights,#city,1340,72,202,2024-01-27 19:00:00
645,11,"they looked at her with sad, anxious faces",#anxious,475,32,51,2024-01-27 20:00:00
646,16,a sad day for us all,#all,757,88,84,2024-01-27 21:00:00
647,8,Road trip,#adventure,516,66,102,2024-01-27 22:00:00
648,12,City lights,#nightlife,305,59,32,2024-01-27 23:00:00
649,7,Feeling blessed,#thankful,396,46,49,2024-01-28 00:00:00
650,5,I am feeling very happy,#happy,515,12,68,2024-01-28 01:00:00
651,19,I am feeling very sad,#low,523,42,54,2024-01-28 02:00:00
652,11,Road trip,#roadtrip,239,23,24,2024-01-28 03:00:00
653,6,Healthy living,#healthyliving,503,29,96,2024-01-28 04:00:00
654,6,"they looked at her with sad, anxious faces",#sad,471,34,71,2024-01-28 05:00:00
655,17,Road trip,#roadtrip,460,54,64,2024-01-28 06:00:00
656,10,it makes me sad,#stress,213,16,25,2024-01-28 07:00:00
657,19,Exploring the mountains,#hiking,594,31,91,2024-01-28 08:00:00
658,8,Healthy living,#healthyliving,366,53,48,2024-01-28 09:00:00
659,18,Healthy living,#wellness,288,33,33,2024-01-28 10:00:00
660,20,Sunset views,#sunset,543,14,71,2024-01-28 11:00:00
661,2,Feeling blessed,#thankful,573,30,98,2024-01-28 12:00:00
662,16,Throwback to summer,#summer,412,41,59,2024-01-28 13:00:00
663,12,Family time,#love,268,34,51,2024-01-28 14:00:00
664,19,Dinner with friends,#dinner,629,33,70,2024-01-28 15:00:00
665,8,a sad day for us all,#all,359,37,52,2024-01-28 16:00:00
666,15,I am feeling very sad,#low,314,11,38,2024-01-28 17:00:00
667,19,Throwback to summer,#memories,824,45,164,2024-01-28 18:00:00
668,10,I am feeling very happy,#happy,426,28,50,2024-01-28 19:00:00
669,6,Family time,#love,689,43,80,2024-01-28 20:00:00
670,9,City lights,#urban,632,45,45,2024-01-28 21:00:00
671,10,Morning vibes,#morning,346,25,49,2024-01-28 22:00:00
672,1,Travel goals,#adventure,1000,89,78,2024-01-28 23:00:00
673,10,Hiking adventures,#adventure,240,21,20,2024-01-29 00:00:00
674,7,Healthy living,#fitness,477,41,36,2024-01-29 01:00:00
675,18,Road trip,#adventure,378,34,19,2024-01-29 02:00:00
676,4,Exploring the mountains,#mountains,494,50,75,2024-01-29 03:00:00
677,17,Hiking adventures,#outdoors,407,43,56,2024-01-29 04:00:00
678,13,Chasing waterfalls,#hiking,729,13,102,2024-01-29 05:00:00
679,8,Hiking adventures,#adventure,424,48,39,2024-01-29 06:00:00
680,7,"sad to say, she never lived to see it",sad,325,56,62,2024-01-29 07:00:00
681,5,the sad fact is that he's lost his touch,#touch,570,12,31,2024-01-29 08:00:00
682,15,it makes me sad,#stress,346,10,31,2024-01-29 09:00:00
683,10,Weekend getaway,#travel,260,20,39,2024-01-29 10:00:00
684,5,Love this beach,#ocean,539,13,105,2024-01-29 11:00:00
685,13,Hiking adventures,#hiking,883,19,102,2024-01-29 12:00:00
686,11,Workout motivation,#workout,309,16,48,2024-01-29 13:00:00
687,10,the sad fact is that he's lost his touch,#lost,269,20,36,2024-01-29 14:00:00
688,18,it makes me sad,#trauma,415,24,52,2024-01-29 15:00:00
689,2,the sad fact is that he's lost his touch,#sad,448,26,62,2024-01-29 16:00:00
690,18,Throwback to summer,#memories,333,33,24,2024-01-29 17:00:00
691,13,it makes me sad,#trauma,960,22,162,2024-01-29 18:00:00
692,8,"sad to say, she never lived to see it",#lived,588,78,52,2024-01-29 19:00:00
693,5,"sad to say, she never lived to see it",sad,709,23,58,2024-01-29 20:00:00
694,5,Chasing waterfalls,#nature,833,24,140,2024-01-29 21:00:00
695,13,Coffee time,#coffee,1189,22,165,2024-01-29 22:00:00
696,15,Coffee time,#caffeine,498,17,38,2024-01-29 23:00:00
697,18,City lights,#city,294,29,40,2024-01-30 00:00:00
698,12,it makes me sad,#stress,211,32,27,2024-01-30 01:00:00
699,19,Chasing waterfalls,#hiking,500,35,68,2024-01-30 02:00:00
700,20,the sad fact is that he's lost his touch,#touch,476,15,65,2024-01-30 03:00:00
701,8,"sad to say, she never lived to see it",#lived,343,41,49,2024-01-30 04:00:00
702,15,I am feeling very sad,#sad,365,13,39,2024-01-30 05:00:00
703,4,Hiking adventures,#outdoors,445,59,68,2024-01-30 06:00:00
704,1,Dinner with friends,#goodtimes,674,52,71,2024-01-30 07:00:00
705,20,"sad to say, she never lived to see it",sad,605,19,104,2024-01-30 08:00:00
706,12,Enjoying the sunset,#nature,344,57,64,2024-01-30 09:00:00
707,18,Family time,#qualitytime,391,24,62,2024-01-30 10:00:00
708,13,Love this beach,#beach,831,18,135,2024-01-30 11:00:00
709,3,Enjoying the sunset,#sunset,256,17,16,2024-01-30 12:00:00
710,3,Coffee time,#morning,180,8,11,2024-01-30 13:00:00
711,1,City lights,#nightlife,853,41,71,2024-01-30 14:00:00
712,7,it makes me sad,#stress,337,52,48,2024-01-30 15:00:00
713,20,Travel goals,#travel,664,18,58,2024-01-30 16:00:00
714,11,Weekend getaway,#travel,284,20,41,2024-01-30 17:00:00
715,18,Throwback to summer,#throwback,545,44,57,2024-01-30 18:00:00
716,8,Love this beach,#beach,610,60,106,2024-01-30 19:00:00
717,19,Sunset views,#sky,747,48,77,2024-01-30 20:00:00
718,7,Travel goals,#travel,670,63,128,2024-01-30 21:00:00
719,10,Workout motivation,#motivation,378,35,27,2024-01-30 22:00:00
720,9,Throwback to summer,#memories,643,44,45,2024-01-30 23:00:00
721,13,Dinner with friends,#friends,855,18,52,2024-01-31 00:00:00
722,17,Exploring the mountains,#nature,453,57,46,2024-01-31 01:00:00
723,15,I am feeling very sad,#feel,344,10,56,2024-01-31 02:00:00
724,5,a sad day for us all,#day,520,12,65,2024-01-31 03:00:00
725,4,Enjoying the sunset,#nature,856,60,88,2024-01-31 04:00:00
726,1,Dinner with friends,#friends,658,45,121,2024-01-31 05:00:00
727,2,Healthy living,#healthyliving,592,28,47,2024-01-31 06:00:00
728,14,a sad day for us all,#all,695,20,84,2024-01-31 07:00:00
729,12,Hiking adventures,#outdoors,208,34,19,2024-01-31 08:00:00
730,5,Road trip,#roadtrip,654,16,102,2024-01-31 09:00:00
731,12,it makes me sad,#depression,185,39,13,2024-01-31 10:00:00
732,11,Enjoying the sunset,#evening,413,33,65,2024-01-31 11:00:00
733,20,Healthy breakfast,#food,545,18,67,2024-01-31 12:00:00
734,20,Coffee time,#coffee,520,17,33,2024-01-31 13:00:00
735,3,Morning vibes,#freshstart,178,11,27,2024-01-31 14:00:00
736,14,a sad day for us all,#all,514,20,68,2024-01-31 15:00:00
737,12,"they looked at her with sad, anxious faces",#faces,245,34,40,2024-01-31 16:00:00
738,10,Workout motivation,#fitness,216,21,28,2024-01-31 17:00:00
739,15,Chasing waterfalls,#hiking,485,18,32,2024-01-31 18:00:00
740,19,Travel goals,#travel,959,53,119,2024-01-31 19:00:00
741,13,City lights,#urban,978,25,128,2024-01-31 20:00:00
742,20,I am feeling very happy,#joy,933,26,182,2024-01-31 21:00:00
743,6,Healthy breakfast,#breakfast,564,39,90,2024-01-31 22:00:00
744,16,I am feeling very happy,#feel,643,78,96,2024-01-31 23:00:00
745,18,it makes me sad,#trauma,342,34,33,2024-02-01 00:00:00
746,3,Love this beach,#beach,224,10,41,2024-02-01 01:00:00
747,3,it makes me sad,#stress,174,10,18,2024-02-01 02:00:00
748,6,Coffee time,#coffee,409,31,49,2024-02-01 03:00:00
749,14,Love this beach,#beach,560,24,103,2024-02-01 04:00:00
750,19,Hiking adventures,#outdoors,506,30,88,2024-02-01 05:00:00
751,8,"sad to say, she never lived to see it",#lived,356,54,36,2024-02-01 06:00:00
752,18,Sunset views,#sky,391,33,50,2024-02-01 07:00:00
753,8,a sad day for us all,#sad,412,52,21,2024-02-01 08:00:00
754,16,Workout motivation,#motivation,591,49,87,2024-02-01 09:00:00
755,2,the sad fact is that he's lost his touch,#lost,576,32,30,2024-02-01 10:00:00
756,9,"sad to say, she never lived to see it",sad,414,34,41,2024-02-01 11:00:00
757,18,City lights,#urban,380,24,56,2024-02-01 12:00:00
758,12,Morning vibes,#sunrise,245,30,25,2024-02-01 13:00:00
759,13,Love this beach,#sun,741,15,91,2024-02-01 14:00:00
760,11,I am feeling very happy,#feel,217,19,23,2024-02-01 15:00:00
761,2,Enjoying the sunset,#nature,631,40,58,2024-02-01 16:00:00
762,18,Travel goals,#explore,416,29,68,2024-02-01 17:00:00
763,11,I am feeling very happy,#happy,460,25,67,2024-02-01 18:00:00
764,8,Healthy living,#fitness,625,81,56,2024-02-01 19:00:00
765,3,Healthy breakfast,#healthy,339,17,23,2024-02-01 20:00:00
766,5,Dinner with friends,#dinner,923,26,106,2024-02-01 21:00:00
767,18,Dinner with friends,#friends,507,44,67,2024-02-01 22:00:00
768,2,Coffee time,#caffeine,614,46,38,2024-02-01 23:00:00
769,19,"sad to say, she never lived to see it",#lived,547,29,68,2024-02-02 00:00:00
770,1,Travel goals,#explore,733,45,116,2024-02-02 01:00:00
771,12,Feeling blessed,#thankful,270,39,34,2024-02-02 02:00:00
772,6,Workout motivation,#fitness,551,27,35,2024-02-02 03:00:00
773,3,Dinner with friends,#friends,198,9,29,2024-02-02 04:00:00
774,14,the sad fact is that he's lost his touch,#touch,557,18,45,2024-02-02 05:00:00
775,14,Hiking adventures,#adventure,737,25,134,2024-02-02 06:00:00
776,7,City lights,#nightlife,432,46,72,2024-02-02 07:00:00
777,11,I am feeling very happy,#happy,308,18,48,2024-02-02 08:00:00
778,19,Chasing waterfalls,#nature,702,33,123,2024-02-02 09:00:00
779,9,"sad to say, she never lived to see it",sad,430,27,63,2024-02-02 10:00:00
780,20,Weekend getaway,#travel,481,18,90,2024-02-02 11:00:00
781,6,Dinner with friends,#friends,415,32,76,2024-02-02 12:00:00
782,15,Dinner with friends,#dinner,291,12,55,2024-02-02 13:00:00
783,15,the sad fact is that he's lost his touch,#lost,360,12,31,2024-02-02 14:00:00
784,6,the sad fact is that he's lost his touch,#sad,467,26,80,2024-02-02 15:00:00
785,9,Weekend getaway,#travel,341,40,67,2024-02-02 16:00:00
786,6,I am feeling very sad,#low,480,32,75,2024-02-02 17:00:00
787,19,Travel goals,#travel,992,61,145,2024-02-02 18:00:00
788,5,Coffee time,#caffeine,916,20,122,2024-02-02 19:00:00
789,15,Travel goals,#explore,550,18,58,2024-02-02 20:00:00
790,3,Road trip,#roadtrip,291,14,44,2024-02-02 21:00:00
791,9,it makes me sad,#trauma,638,43,40,2024-02-02 22:00:00
792,12,it makes me sad,#stress,304,42,43,2024-02-02 23:00:00
793,4,Chasing waterfalls,#hiking,609,58,51,2024-02-03 00:00:00
794,3,Exploring the mountains,#hiking,223,8,26,2024-02-03 01:00:00
795,18,"they looked at her with sad, anxious faces",#faces,407,24,66,2024-02-03 02:00:00
796,11,Weekend getaway,#weekend,252,20,40,2024-02-03 03:00:00
797,9,Coffee time,#coffee,380,30,60,2024-02-03 04:00:00
798,16,Weekend getaway,#getaway,415,45,59,2024-02-03 05:00:00
799,2,Feeling blessed,#grateful,437,24,71,2024-02-03 06:00:00
800,4,I am feeling very sad,#feel,609,56,96,2024-02-03 07:00:00
801,16,City lights,#nightlife,413,49,27,2024-02-03 08:00:00
802,17,Dinner with friends,#goodtimes,555,53,76,2024-02-03 09:00:00
803,18,it makes me sad,#depression,304,34,22,2024-02-03 10:00:00
804,4,Exploring the mountains,#nature,538,58,38,2024-02-03 11:00:00
805,7,Morning vibes,#sunrise,388,46,75,2024-02-03 12:00:00
806,8,Dinner with friends,#goodtimes,461,47,64,2024-02-03 13:00:00
807,18,Road trip,#roadtrip,376,25,28,2024-02-03 14:00:00
808,15,Feeling blessed,#thankful,306,12,56,2024-02-03 15:00:00
809,19,City lights,#nightlife,660,43,67,2024-02-03 16:00:00
810,3,"sad to say, she never lived to see it",#lived,219,10,25,2024-02-03 17:00:00
811,6,Beach day,#sun,619,53,37,2024-02-03 18:00:00
812,18,Beach day,#beach,603,47,82,2024-02-03 19:00:00
813,9,Love this beach,#beach,455,58,28,2024-02-03 20:00:00
814,5,Workout motivation,#workout,770,23,85,2024-02-03 21:00:00
815,18,Feeling blessed,#thankful,478,52,71,2024-02-03 22:00:00
816,12,Beach day,#sun,290,57,31,2024-02-03 23:00:00
817,9,Love this beach,#sun,402,35,24,2024-02-04 00:00:00
818,5,Travel goals,#explore,636,14,89,2024-02-04 01:00:00
819,4,a sad day for us all,#sad,575,43,86,2024-02-04 02:00:00
820,19,Travel goals,#adventure,483,42,43,2024-02-04 03:00:00
821,8,"they looked at her with sad, anxious faces",#sad,362,38,42,2024-02-04 04:00:00
822,20,"sad to say, she never lived to see it",sad,502,16,54,2024-02-04 05:00:00
823,5,Dinner with friends,#goodtimes,483,17,33,2024-02-04 06:00:00
824,19,Enjoying the sunset,#sunset,805,59,124,2024-02-04 07:00:00
825,4,the sad fact is that he's lost his touch,#touch,526,43,68,2024-02-04 08:00:00
826,12,Workout motivation,#workout,234,37,43,2024-02-04 09:00:00
827,18,Sunset views,#views,318,29,57,2024-02-04 10:00:00
828,6,I am feeling very sad,#sad,420,36,68,2024-02-04 11:00:00
829,12,Healthy breakfast,#food,186,31,32,2024-02-04 12:00:00
830,16,Beach day,#sand,616,58,44,2024-02-04 13:00:00
831,14,a sad day for us all,#all,604,20,105,2024-02-04 14:00:00
832,9,Workout motivation,#motivation,318,38,51,2024-02-04 15:00:00
833,16,it makes me sad,#trauma,487,56,31,2024-02-04 16:00:00
834,16,Enjoying the sunset,#nature,717,70,39,2024-02-04 17:00:00
835,6,Hiking adventures,#hiking,612,52,55,2024-02-04 18:00:00
836,6,Morning vibes,#morning,600,53,54,2024-02-04 19:00:00
837,7,Workout motivation,#motivation,584,62,41,2024-02-04 20:00:00
838,7,Chasing waterfalls,#nature,568,60,101,2024-02-04 21:00:00
839,18,Love this beach,#beach,438,40,74,2024-02-04 22:00:00
840,4,Weekend getaway,#travel,819,73,44,2024-02-04 23:00:00
841,20,Morning vibes,#sunrise,451,17,80,2024-02-05 00:00:00
842,15,I am feeling very sad,#sad,306,10,53,2024-02-05 01:00:00
843,20,the sad fact is that he's lost his touch,#lost,523,12,43,2024-02-05 02:00:00
844,2,Weekend getaway,#getaway,560,33,51,2024-02-05 03:00:00
845,20,City lights,#city,518,15,38,2024-02-05 04:00:00
846,4,a sad day for us all,#sad,572,49,75,2024-02-05 05:00:00
847,16,Dinner with friends,#dinner,498,55,43,2024-02-05 06:00:00
848,7,City lights,#urban,457,46,49,2024-02-05 07:00:00
849,20,Exploring the mountains,#nature,668,13,70,2024-02-05 08:00:00
850,20,I am feeling very happy,#happy,600,16,88,2024-02-05 09:00:00
851,6,the sad fact is that he's lost his touch,#lost,439,28,47,2024-02-05 10:00:00
852,4,Travel goals,#travel,622,42,105,2024-02-05 11:00:00
853,5,Throwback to summer,#throwback,596,13,93,2024-02-05 12:00:00
854,13,it makes me sad,#depression,817,17,103,2024-02-05 13:00:00
855,14,Hiking adventures,#hiking,586,17,83,2024-02-05 14:00:00
856,13,I am feeling very sad,#low,715,18,59,2024-02-05 15:00:00
857,16,Travel goals,#explore,594,43,105,2024-02-05 16:00:00
858,13,the sad fact is that he's lost his touch,#touch,746,13,56,2024-02-05 17:00:00
859,13,it makes me sad,#trauma,1035,24,133,2024-02-05 18:00:00
860,12,a sad day for us all,#day,328,55,16,2024-02-05 19:00:00
861,11,"sad to say, she never lived to see it",sad,385,30,36,2024-02-05 20:00:00
862,9,Sunset views,#sky,551,59,63,2024-02-05 21:00:00
863,5,Travel goals,#adventure,1032,19,109,2024-02-05 22:00:00
864,2,Healthy living,#wellness,895,45,82,2024-02-05 23:00:00
865,16,Hiking adventures,#hiking,558,42,29,2024-02-06 00:00:00
866,15,Family time,#family,320,12,40,2024-02-06 01:00:00
867,10,a sad day for us all,#all,207,21,11,2024-02-06 02:00:00
868,3,Travel goals,#adventure,227,10,34,2024-02-06 03:00:00
869,6,Dinner with friends,#friends,534,33,30,2024-02-06 04:00:00
870,2,Chasing waterfalls,#waterfalls,544,33,97,2024-02-06 05:00:00
871,19,Dinner with friends,#goodtimes,686,35,118,2024-02-06 06:00:00
872,19,Chasing waterfalls,#nature,523,30,96,2024-02-06 07:00:00
873,7,a sad day for us all,#day,407,40,63,2024-02-06 08:00:00
874,10,Weekend getaway,#weekend,270,16,35,2024-02-06 09:00:00
875,5,Enjoying the sunset,#nature,723,26,57,2024-02-06 10:00:00
876,19,Dinner with friends,#goodtimes,613,33,35,2024-02-06 11:00:00
877,17,Coffee time,#coffee,493,53,38,2024-02-06 12:00:00
878,5,Healthy living,#healthyliving,497,16,39,2024-02-06 13:00:00
879,2,Sunset views,#sky,463,25,59,2024-02-06 14:00:00
880,5,Sunset views,#views,484,16,69,2024-02-06 15:00:00
881,6,Feeling blessed,#grateful,432,27,61,2024-02-06 16:00:00
882,15,Coffee time,#morning,359,10,54,2024-02-06 17:00:00
883,6,a sad day for us all,#sad,697,47,85,2024-02-06 18:00:00
884,20,Healthy breakfast,#healthy,674,28,95,2024-02-06 19:00:00
885,2,Family time,#family,657,46,41,2024-02-06 20:00:00
886,4,Road trip,#travel,742,67,104,2024-02-06 21:00:00
887,19,the sad fact is that he's lost his touch,#lost,794,46,131,2024-02-06 22:00:00
888,11,Love this beach,#ocean,342,28,22,2024-02-06 23:00:00
889,9,I am feeling very sad,#feel,403,34,22,2024-02-07 00:00:00
890,11,Exploring the mountains,#hiking,318,21,23,2024-02-07 01:00:00
891,17,"sad to say, she never lived to see it",sad,505,50,88,2024-02-07 02:00:00
892,19,a sad day for us all,#all,594,34,37,2024-02-07 03:00:00
893,14,I am feeling very happy,#joy,606,21,80,2024-02-07 04:00:00
894,13,Road trip,#roadtrip,636,14,85,2024-02-07 05:00:00
895,17,Exploring the mountains,#mountains,590,40,58,2024-02-07 06:00:00
896,9,the sad fact is that he's lost his touch,#lost,408,40,22,2024-02-07 07:00:00
897,3,Enjoying the sunset,#nature,318,16,26,2024-02-07 08:00:00
898,19,Beach day,#beach,526,42,68,2024-02-07 09:00:00
899,5,Dinner with friends,#dinner,550,15,107,2024-02-07 10:00:00
900,5,Workout motivation,#workout,674,12,131,2024-02-07 11:00:00
901,18,Travel goals,#adventure,344,30,45,2024-02-07 12:00:00
902,16,Healthy living,#fitness,507,59,94,2024-02-07 13:00:00
903,5,Beach day,#sun,630,17,105,2024-02-07 14:00:00
904,11,Coffee time,#morning,302,17,17,2024-02-07 15:00:00
905,18,"they looked at her with sad, anxious faces",#anxious,365,33,69,2024-02-07 16:00:00
906,15,Dinner with friends,#goodtimes,355,12,64,2024-02-07 17:00:00
907,11,City lights,#city,432,35,58,2024-02-07 18:00:00
908,19,Morning vibes,#morning,873,63,85,2024-02-07 19:00:00
909,8,a sad day for us all,#day,714,56,92,2024-02-07 20:00:00
910,5,Exploring the mountains,#nature,1024,19,142,2024-02-07 21:00:00
911,13,Family time,#love,1124,20,64,2024-02-07 22:00:00
912,3,it makes me sad,#trauma,353,17,59,2024-02-07 23:00:00
913,13,Coffee time,#caffeine,827,13,156,2024-02-08 00:00:00
914,13,Morning vibes,#sunrise,811,16,57,2024-02-08 01:00:00
915,4,it makes me sad,#trauma,600,48,112,2024-02-08 02:00:00
916,16,the sad fact is that he's lost his touch,#touch,590,44,101,2024-02-08 03:00:00
917,6,"sad to say, she never lived to see it",#lived,491,33,39,2024-02-08 04:00:00
918,9,Family time,#family,295,33,40,2024-02-08 05:00:00
919,8,Exploring the mountains,#mountains,420,50,65,2024-02-08 06:00:00
920,20,Beach day,#sun,542,13,73,2024-02-08 07:00:00
921,10,Road trip,#travel,221,18,12,2024-02-08 08:00:00
922,19,Enjoying the sunset,#nature,801,56,131,2024-02-08 09:00:00
923,2,a sad day for us all,#all,486,33,35,2024-02-08 10:00:00
924,19,it makes me sad,#trauma,644,29,71,2024-02-08 11:00:00
925,9,I am feeling very happy,#feel,421,35,44,2024-02-08 12:00:00
926,8,Hiking adventures,#outdoors,340,53,53,2024-02-08 13:00:00
927,10,Travel goals,#explore,256,17,16,2024-02-08 14:00:00
928,13,Workout motivation,#motivation,795,16,146,2024-02-08 15:00:00
929,9,Enjoying the sunset,#evening,549,56,34,2024-02-08 16:00:00
930,9,a sad day for us all,#day,298,29,33,2024-02-08 17:00:00
931,1,Healthy breakfast,#breakfast,1421,86,168,2024-02-08 18:00:00
932,4,Dinner with friends,#friends,743,69,111,2024-02-08 19:00:00
933,14,a sad day for us all,#sad,768,34,80,2024-02-08 20:00:00
934,8,Road trip,#roadtrip,562,76,70,2024-02-08 21:00:00
935,18,Healthy living,#wellness,483,36,26,2024-02-08 22:00:00
936,10,Throwback to summer,#throwback,381,25,73,2024-02-08 23:00:00
937,7,I am feeling very sad,#low,376,44,40,2024-02-09 00:00:00
938,12,Sunset views,#sunset,259,35,49,2024-02-09 01:00:00
939,11,Healthy living,#healthyliving,305,23,28,2024-02-09 02:00:00
940,2,Healthy breakfast,#food,484,31,80,2024-02-09 03:00:00
941,19,Sunset views,#views,583,35,69,2024-02-09 04:00:00
942,1,it makes me sad,#trauma,792,56,135,2024-02-09 05:00:00
943,19,Chasing waterfalls,#hiking,496,42,81,2024-02-09 06:00:00
944,1,Weekend getaway,#weekend,928,45,165,2024-02-09 07:00:00
945,7,Throwback to summer,#summer,371,53,60,2024-02-09 08:00:00
946,20,"they looked at her with sad, anxious faces",#sad,580,17,108,2024-02-09 09:00:00
947,1,Feeling blessed,#grateful,707,48,140,2024-02-09 10:00:00
948,9,I am feeling very happy,#joy,415,32,41,2024-02-09 11:00:00
949,16,Road trip,#roadtrip,472,46,63,2024-02-09 12:00:00
950,5,City lights,#city,641,15,79,2024-02-09 13:00:00
951,3,it makes me sad,#stress,199,9,25,2024-02-09 14:00:00
952,7,Throwback to summer,#memories,403,52,29,2024-02-09 15:00:00
953,2,Dinner with friends,#goodtimes,418,34,31,2024-02-09 16:00:00
954,8,Feeling blessed,#thankful,350,54,47,2024-02-09 17:00:00
955,19,Coffee time,#morning,925,63,118,2024-02-09 18:00:00
956,14,Love this beach,#beach,763,34,91,2024-02-09 19:00:00
957,6,Love this beach,#sun,767,53,121,2024-02-09 20:00:00
958,2,"sad to say, she never lived to see it",sad,891,36,145,2024-02-09 21:00:00
959,16,Road trip,#adventure,755,61,103,2024-02-09 22:00:00
960,18,it makes me sad,#stress,461,39,47,2024-02-09 23:00:00
961,6,Morning vibes,#sunrise,385,26,23,2024-02-10 00:00:00
962,15,Chasing waterfalls,#nature,285,12,16,2024-02-10 01:00:00
963,6,Morning vibes,#sunrise,444,36,65,2024-02-10 02:00:00
964,14,Feeling blessed,#blessed,504,17,43,2024-02-10 03:00:00
965,17,Beach day,#sun,483,54,83,2024-02-10 04:00:00
966,10,Healthy breakfast,#breakfast,242,17,47,2024-02-10 05:00:00
967,7,Dinner with friends,#goodtimes,387,53,62,2024-02-10 06:00:00
968,1,Healthy living,#fitness,679,47,72,2024-02-10 07:00:00
969,18,"they looked at her with sad, anxious faces",#faces,390,33,27,2024-02-10 08:00:00
970,15,Morning vibes,#morning,315,11,59,2024-02-10 09:00:00
971,17,Throwback to summer,#summer,514,46,39,2024-02-10 10:00:00
972,19,Travel goals,#adventure,535,40,91,2024-02-10 11:00:00
973,4,I am feeling very sad,#sad,518,47,87,2024-02-10 12:00:00
974,4,"sad to say, she never lived to see it",sad,569,55,29,2024-02-10 13:00:00
975,11,it makes me sad,#depression,234,23,45,2024-02-10 14:00:00
976,20,"sad to say, she never lived to see it",#lived,658,13,101,2024-02-10 15:00:00
977,5,Workout motivation,#fitness,530,13,37,2024-02-10 16:00:00
978,15,a sad day for us all,#sad,365,13,56,2024-02-10 17:00:00
979,15,Family time,#family,510,16,98,2024-02-10 18:00:00
980,12,City lights,#nightlife,362,52,58,2024-02-10 19:00:00
981,13,City lights,#nightlife,1167,24,74,2024-02-10 20:00:00
982,9,Morning vibes,#freshstart,539,56,103,2024-02-10 21:00:00
983,12,the sad fact is that he's lost his touch,#touch,364,44,27,2024-02-10 22:00:00
984,18,Workout motivation,#motivation,536,48,92,2024-02-10 23:00:00
985,20,"they looked at her with sad, anxious faces",#anxious,559,16,86,2024-02-11 00:00:00
986,8,"sad to say, she never lived to see it",sad,383,37,68,2024-02-11 01:00:00
987,18,a sad day for us all,#all,365,33,26,2024-02-11 02:00:00
988,6,Hiking adventures,#adventure,542,26,105,2024-02-11 03:00:00
989,19,Coffee time,#caffeine,558,33,73,2024-02-11 04:00:00
990,6,Dinner with friends,#dinner,533,26,84,2024-02-11 05:00:00
991,19,Enjoying the sunset,#nature,783,59,95,2024-02-11 06:00:00
992,6,Feeling blessed,#thankful,473,30,64,2024-02-11 07:00:00
993,18,Coffee time,#coffee,361,32,69,2024-02-11 08:00:00
994,11,City lights,#urban,226,21,19,2024-02-11 09:00:00
995,3,Family time,#family,199,9,17,2024-02-11 10:00:00
996,19,Enjoying the sunset,#sunset,895,43,98,2024-02-11 11:00:00
997,15,Healthy living,#fitness,363,10,35,2024-02-11 12:00:00
998,13,Coffee time,#caffeine,645,13,98,2024-02-11 13:00:00
999,8,Healthy breakfast,#food,337,43,46,2024-02-11 14:00:00
1000,7,Throwback to summer,#throwback,451,37,24,2024-02-11 15:00:00
